id_1,kod_t,part,kod_r,nsert,dsert,ogr,shape,DiametrMin,DiametrMax,sizes,obshmass,carat,psc,col_r,cla_r,po_r,flour,comment,TotalDepth,diametr,PavilDepth,PavilAngle,CrownHeight,CrownAngle,TableSize,Girdle_max,Girdle_min,CuletSize,print,diamdev,Weight,kod,mras,col_gia,cla_gia,cut_gia,res,slug
2001,1,1022,75O23T,YGL147076,30.05.2022,Кр-57,Round Brilliant,0,0,,,0.014,2,3,6,Б,,-,,1.1,0,0,0,0,0,0,,0,101,,1,,,,,,1022/1,1-75O23TYGL147076
2002,2,1022,07U70K,YGL147077,30.05.2022,Кр-57,Round Brilliant,0,0,,,0.014,2,3,6,Б,,-,,1.1,0,0,0,0,0,0,,0,101,,1,,,,,,1022/1,2-07U70KYGL147077
2003,3,1022,87J98B,YGL147078,30.05.2022,Кр-57,Round Brilliant,0,0,,,0.014,2,4,6,Б,,-,,1.1,0,0,0,0,0,0,,0,101,,1,,,,,,1022/1,3-87J98BYGL147078
2004,4,1022,93N70O,YGL147079,30.05.2022,Кр-57,Round Brilliant,0,0,,,0.014,2,4,6,Б,,-,,1.1,0,0,0,0,0,0,,0,101,,1,,,,,,1022/1,4-93N70OYGL147079
2005,5,1022,42P62G,YGL147080,30.05.2022,Кр-57,Round Brilliant,0,0,,,0.014,2,4,6,Б,,-,,1.1,0,0,0,0,0,0,,0,101,,1,,,,,,1022/1,5-42P62GYGL147080
2006,6,1022,88O99F,YGL147081,30.05.2022,Кр-57,Round Brilliant,0,0,,,0.014,2,4,6,Б,,-,,1.1,0,0,0,0,0,0,,0,101,,1,,,,,,1022/1,6-88O99FYGL147081
2007,7,1022,69G51Y,YGL147082,30.05.2022,Кр-57,Round Brilliant,0,0,,,0.014,2,4,6,Б,,-,,1.1,0,0,0,0,0,0,,0,101,,1,,,,,,1022/1,7-69G51YYGL147082
2008,8,1022,60O11T,YGL147083,30.05.2022,Кр-57,Round Brilliant,0,0,,,0.014,2,4,6,Б,,-,,1.1,0,0,0,0,0,0,,0,101,,1,,,,,,1022/1,8-60O11TYGL147083
2009,9,1022,20H33X,YGL147084,30.05.2022,Кр-57,Round Brilliant,0,0,,,0.014,2,4,6,Б,,-,,1.1,0,0,0,0,0,0,,0,101,,1,,,,,,1022/1,9-20H33XYGL147084
2010,10,1022,94G11Q,YGL147085,30.05.2022,Кр-57,Round Brilliant,0,0,,,0.014,2,4,6,Б,,-,,1.1,0,0,0,0,0,0,,0,101,,1,,,,,,1022/1,10-94G11QYGL147085
2011,11,1022,44R36F,YGL147086,30.05.2022,Кр-57,Round Brilliant,0,0,,,0.014,2,4,6,Б,,-,,1.1,0,0,0,0,0,0,,0,101,,1,,,,,,1022/1,11-44R36FYGL147086
2012,12,1022,15C49G,YGL147087,30.05.2022,Кр-57,Round Brilliant,0,0,,,0.014,2,4,6,Б,,-,,1.1,0,0,0,0,0,0,,0,101,,1,,,,,,1022/1,12-15C49GYGL147087
2013,13,1022,73H96P,YGL147088,30.05.2022,Кр-57,Round Brilliant,0,0,,,0.014,2,4,6,Б,,-,,1.1,0,0,0,0,0,0,,0,101,,1,,,,,,1022/1,13-73H96PYGL147088
2014,14,1022,40O69U,YGL147089,30.05.2022,Кр-57,Round Brilliant,0,0,,,0.014,2,4,6,Б,,-,,1.1,0,0,0,0,0,0,,0,101,,1,,,,,,1022/1,14-40O69UYGL147089
2015,15,1022,05W46M,YGL147090,30.05.2022,Кр-57,Round Brilliant,0,0,,,0.014,2,4,6,Б,,-,,1.1,0,0,0,0,0,0,,0,101,,1,,,,,,1022/1,15-05W46MYGL147090
2016,16,1022,54I42B,YGL147091,30.05.2022,Кр-57,Round Brilliant,0,0,,,0.014,2,4,6,Б,,-,,1.1,0,0,0,0,0,0,,0,101,,1,,,,,,1022/1,16-54I42BYGL147091
2017,17,1022,29B33M,YGL147092,30.05.2022,Кр-57,Round Brilliant,0,0,,,0.014,2,4,6,Б,,-,,1.1,0,0,0,0,0,0,,0,101,,1,,,,,,1022/1,17-29B33MYGL147092
2018,18,1022,14G65D,YGL147093,30.05.2022,Кр-57,Round Brilliant,0,0,,,0.014,2,4,6,Б,,-,,1.1,0,0,0,0,0,0,,0,101,,1,,,,,,1022/1,18-14G65DYGL147093
2019,19,1022,96M31T,YGL147094,30.05.2022,Кр-57,Round Brilliant,0,0,,,0.014,2,4,6,Б,,-,,1.1,0,0,0,0,0,0,,0,101,,1,,,,,,1022/1,19-96M31TYGL147094
2020,20,1022,47O80F,YGL147095,30.05.2022,Кр-57,Round Brilliant,0,0,,,0.014,2,4,6,Б,,-,,1.1,0,0,0,0,0,0,,0,101,,1,,,,,,1022/1,20-47O80FYGL147095
2021,21,1022,01I10N,YGL147096,30.05.2022,Кр-57,Round Brilliant,0,0,,,0.014,2,4,6,Б,,-,,1.1,0,0,0,0,0,0,,0,101,,1,,,,,,1022/1,21-01I10NYGL147096
2022,22,1022,65U01Q,YGL147097,30.05.2022,Кр-57,Round Brilliant,0,0,,,0.014,2,4,6,В,,-,,1.1,0,0,0,0,0,0,,0,101,,1,,,,,,1022/1,22-65U01QYGL147097
2023,23,1022,43D79N,YGL147098,30.05.2022,Кр-57,Round Brilliant,0,0,,,0.014,2,4,6,В,,-,,1.1,0,0,0,0,0,0,,0,101,,1,,,,,,1022/1,23-43D79NYGL147098
2024,24,1022,07K44F,YGL147099,30.05.2022,Кр-57,Round Brilliant,0,0,,,0.014,2,4,6,В,,-,,1.1,0,0,0,0,0,0,,0,101,,1,,,,,,1022/1,24-07K44FYGL147099
2025,25,1022,30O19C,YGL147100,30.05.2022,Кр-57,Round Brilliant,0,0,,,0.014,2,4,7,Б,,-,,1.1,0,0,0,0,0,0,,0,101,,1,,,,,,1022/1,25-30O19CYGL147100
2026,26,1022,42V72Q,YGL147101,30.05.2022,Кр-57,Round Brilliant,0,0,,,0.014,2,4,7,Б,,-,,1.1,0,0,0,0,0,0,,0,101,,1,,,,,,1022/1,26-42V72QYGL147101
2027,27,1022,20A37H,YGL147102,30.05.2022,Кр-57,Round Brilliant,0,0,,,0.014,2,4,7,Б,,-,,1.1,0,0,0,0,0,0,,0,101,,1,,,,,,1022/1,27-20A37HYGL147102
2028,28,1022,24G30M,YGL147103,30.05.2022,Кр-57,Round Brilliant,0,0,,,0.014,2,4,7,Б,,-,,1.1,0,0,0,0,0,0,,0,101,,1,,,,,,1022/1,28-24G30MYGL147103
2029,29,1022,28O79I,YGL147104,30.05.2022,Кр-57,Round Brilliant,0,0,,,0.014,2,4,7,Б,,-,,1.1,0,0,0,0,0,0,,0,101,,1,,,,,,1022/1,29-28O79IYGL147104
2030,30,1022,50P49C,YGL147105,30.05.2022,Кр-57,Round Brilliant,0,0,,,0.014,2,4,7,Б,,-,,1.1,0,0,0,0,0,0,,0,101,,1,,,,,,1022/1,30-50P49CYGL147105
2031,31,1022,96I14F,YGL147106,30.05.2022,Кр-57,Round Brilliant,0,0,,,0.014,2,4,7,Б,,-,,1.1,0,0,0,0,0,0,,0,101,,1,,,,,,1022/1,31-96I14FYGL147106
2032,32,1022,91A35X,YGL147107,30.05.2022,Кр-57,Round Brilliant,0,0,,,0.014,2,4,7,Б,,-,,1.1,0,0,0,0,0,0,,0,101,,1,,,,,,1022/1,32-91A35XYGL147107
2033,33,1022,54V86S,YGL147108,30.05.2022,Кр-57,Round Brilliant,0,0,,,0.014,2,4,7,Б,,-,,1.1,0,0,0,0,0,0,,0,101,,1,,,,,,1022/1,33-54V86SYGL147108
2034,34,1022,93M46E,YGL147109,30.05.2022,Кр-57,Round Brilliant,0,0,,,0.014,2,4,7,Б,,-,,1.1,0,0,0,0,0,0,,0,101,,1,,,,,,1022/1,34-93M46EYGL147109
2035,35,1022,45U54M,YGL147110,30.05.2022,Кр-57,Round Brilliant,0,0,,,0.014,2,4,7,Б,,-,,1.1,0,0,0,0,0,0,,0,101,,1,,,,,,1022/1,35-45U54MYGL147110
2036,36,1022,26M68J,YGL147111,30.05.2022,Кр-57,Round Brilliant,0,0,,,0.014,2,4,7,Б,,-,,1.1,0,0,0,0,0,0,,0,101,,1,,,,,,1022/1,36-26M68JYGL147111
2037,37,1022,32D52O,YGL147112,30.05.2022,Кр-57,Round Brilliant,0,0,,,0.014,2,5,3,Б,,-,,1.1,0,0,0,0,0,0,,0,101,,1,,,,,,1022/1,37-32D52OYGL147112
2038,38,1022,38L16S,YGL147113,30.05.2022,Кр-57,Round Brilliant,0,0,,,0.014,2,5,6,Б,,-,,1.1,0,0,0,0,0,0,,0,101,,1,,,,,,1022/1,38-38L16SYGL147113
2039,39,1022,67E82X,YGL147114,30.05.2022,Кр-57,Round Brilliant,0,0,,,0.014,2,6,5,Б,,-,,1.1,0,0,0,0,0,0,,0,101,,1,,,,,,1022/1,39-67E82XYGL147114
2040,40,1022,00T34C,YGL147115,30.05.2022,Кр-57,Round Brilliant,0,0,,,0.014,2,6,5,Б,,-,,1.1,0,0,0,0,0,0,,0,101,,1,,,,,,1022/1,40-00T34CYGL147115
2041,41,1022,11B75O,YGL147116,30.05.2022,Кр-57,Round Brilliant,0,0,,,0.014,2,6,5,Б,,-,,1.1,0,0,0,0,0,0,,0,101,,1,,,,,,1022/1,41-11B75OYGL147116
2042,42,1022,24S73W,YGL147117,30.05.2022,Кр-57,Round Brilliant,0,0,,,0.014,2,6,5,Б,,-,,1.1,0,0,0,0,0,0,,0,101,,1,,,,,,1022/1,42-24S73WYGL147117
2043,43,1022,70P70K,YGL147118,30.05.2022,Кр-57,Round Brilliant,0,0,,,0.014,2,6,5,Б,,-,,1.1,0,0,0,0,0,0,,0,101,,1,,,,,,1022/1,43-70P70KYGL147118
2044,44,1022,42Y86K,YGL147119,30.05.2022,Кр-57,Round Brilliant,0,0,,,0.014,2,6,5,Б,,-,,1.1,0,0,0,0,0,0,,0,101,,1,,,,,,1022/1,44-42Y86KYGL147119
2045,45,1022,72I49D,YGL147120,30.05.2022,Кр-57,Round Brilliant,0,0,,,0.014,2,6,5,Б,,-,,1.1,0,0,0,0,0,0,,0,101,,1,,,,,,1022/1,45-72I49DYGL147120
2046,46,1022,63C10K,YGL147121,30.05.2022,Кр-57,Round Brilliant,0,0,,,0.014,2,6,5,Б,,-,,1.1,0,0,0,0,0,0,,0,101,,1,,,,,,1022/1,46-63C10KYGL147121
2047,47,1022,95M92J,YGL147122,30.05.2022,Кр-57,Round Brilliant,0,0,,,0.014,2,6,5,Б,,-,,1.1,0,0,0,0,0,0,,0,101,,1,,,,,,1022/1,47-95M92JYGL147122
2048,48,1022,32M15Y,YGL147123,30.05.2022,Кр-57,Round Brilliant,0,0,,,0.014,2,6,5,Б,,-,,1.1,0,0,0,0,0,0,,0,101,,1,,,,,,1022/1,48-32M15YYGL147123
2049,49,1022,59Q46B,YGL147124,30.05.2022,Кр-57,Round Brilliant,0,0,,,0.014,2,6,5,Б,,-,,1.1,0,0,0,0,0,0,,0,101,,1,,,,,,1022/1,49-59Q46BYGL147124
2050,50,1022,77M12I,YGL147125,30.05.2022,Кр-57,Round Brilliant,0,0,,,0.014,2,6,5,Б,,-,,1.1,0,0,0,0,0,0,,0,101,,1,,,,,,1022/1,50-77M12IYGL147125
2051,51,1022,70M78I,YGL147126,30.05.2022,Кр-57,Round Brilliant,0,0,,,0.014,2,6,7,Б,,-,,1.1,0,0,0,0,0,0,,0,101,,1,,,,,,1022/1,51-70M78IYGL147126
2052,52,1022,98Q98K,YGL147127,30.05.2022,Кр-57,Round Brilliant,0,0,,,0.014,2,6,7,Б,,-,,1.1,0,0,0,0,0,0,,0,101,,1,,,,,,1022/1,52-98Q98KYGL147127
2053,53,1022,19T64A,YGL147128,30.05.2022,Кр-57,Round Brilliant,0,0,,,0.014,2,6,7,Б,,-,,1.1,0,0,0,0,0,0,,0,101,,1,,,,,,1022/1,53-19T64AYGL147128
2054,54,1022,11M41G,YGL147129,30.05.2022,Кр-57,Round Brilliant,0,0,,,0.014,2,6,7,Б,,-,,1.1,0,0,0,0,0,0,,0,101,,1,,,,,,1022/1,54-11M41GYGL147129
2055,55,1022,68M18J,YGL147130,30.05.2022,Кр-57,Round Brilliant,0,0,,,0.014,2,6,7,Б,,-,,1.1,0,0,0,0,0,0,,0,101,,1,,,,,,1022/1,55-68M18JYGL147130
2056,56,1022,37F42V,YGL147131,30.05.2022,Кр-57,Round Brilliant,0,0,,,0.014,2,6,7,Б,,-,,1.1,0,0,0,0,0,0,,0,101,,1,,,,,,1022/1,56-37F42VYGL147131
2057,57,1022,63J85X,YGL147132,30.05.2022,Кр-57,Round Brilliant,0,0,,,0.014,2,6,7,Б,,-,,1.1,0,0,0,0,0,0,,0,101,,1,,,,,,1022/1,57-63J85XYGL147132
2058,58,1022,53V22E,YGL147133,30.05.2022,Кр-57,Round Brilliant,0,0,,,0.014,2,6,7,Б,,-,,1.1,0,0,0,0,0,0,,0,101,,1,,,,,,1022/1,58-53V22EYGL147133
2059,59,1022,30S82R,YGL147134,30.05.2022,Кр-57,Round Brilliant,0,0,,,0.014,2,6,7,Б,,-,,1.1,0,0,0,0,0,0,,0,101,,1,,,,,,1022/1,59-30S82RYGL147134
2060,60,1022,48S40K,YGL147135,30.05.2022,Кр-57,Round Brilliant,0,0,,,0.014,2,6,7,Б,,-,,1.1,0,0,0,0,0,0,,0,101,,1,,,,,,1022/1,60-48S40KYGL147135
2061,61,1022,37H71O,YGL147136,30.05.2022,Кр-57,Round Brilliant,0,0,,,0.014,2,6,7,Б,,-,,1.1,0,0,0,0,0,0,,0,101,,1,,,,,,1022/1,61-37H71OYGL147136
2062,62,1022,92X19P,YGL147137,30.05.2022,Кр-57,Round Brilliant,0,0,,,0.014,2,6,7,Б,,-,,1.1,0,0,0,0,0,0,,0,101,,1,,,,,,1022/1,62-92X19PYGL147137
2063,63,1022,59O28B,YGL147138,30.05.2022,Кр-57,Round Brilliant,0,0,,,0.014,2,6,7,Б,,-,,1.1,0,0,0,0,0,0,,0,101,,1,,,,,,1022/1,63-59O28BYGL147138
2064,64,1022,47G33N,YGL147139,30.05.2022,Кр-57,Round Brilliant,0,0,,,0.014,2,6,7,Б,,-,,1.1,0,0,0,0,0,0,,0,101,,1,,,,,,1022/1,64-47G33NYGL147139
2065,65,1022,25F08C,YGL147140,30.05.2022,Кр-57,Round Brilliant,0,0,,,0.014,2,6,7,Б,,-,,1.1,0,0,0,0,0,0,,0,101,,1,,,,,,1022/1,65-25F08CYGL147140
2066,66,1022,69F98L,YGL147141,30.05.2022,Кр-57,Round Brilliant,0,0,,,0.014,2,6,7,Б,,-,,1.1,0,0,0,0,0,0,,0,101,,1,,,,,,1022/1,66-69F98LYGL147141
2067,67,1022,47U31I,YGL147142,30.05.2022,Кр-57,Round Brilliant,0,0,,,0.014,2,6,7,Б,,-,,1.1,0,0,0,0,0,0,,0,101,,1,,,,,,1022/1,67-47U31IYGL147142
2068,68,1022,41P02R,YGL147143,30.05.2022,Кр-57,Round Brilliant,0,0,,,0.014,2,6,7,Б,,-,,1.1,0,0,0,0,0,0,,0,101,,1,,,,,,1022/1,68-41P02RYGL147143
2069,69,1022,51Y40K,YGL147144,30.05.2022,Кр-57,Round Brilliant,0,0,,,0.014,2,6,7,Б,,-,,1.1,0,0,0,0,0,0,,0,101,,1,,,,,,1022/1,69-51Y40KYGL147144
2070,70,1022,27W81C,YGL147145,30.05.2022,Кр-57,Round Brilliant,0,0,,,0.014,2,6,7,Б,,-,,1.1,0,0,0,0,0,0,,0,101,,1,,,,,,1022/1,70-27W81CYGL147145
2071,71,1022,01J19V,YGL147146,30.05.2022,Кр-57,Round Brilliant,0,0,,,0.014,2,6,7,Б,,-,,1.1,0,0,0,0,0,0,,0,101,,1,,,,,,1022/1,71-01J19VYGL147146
2072,72,1022,57D20U,YGL147147,30.05.2022,Кр-57,Round Brilliant,0,0,,,0.014,2,6,7,Б,,-,,1.1,0,0,0,0,0,0,,0,101,,1,,,,,,1022/1,72-57D20UYGL147147
2073,73,1022,77I45U,YGL147148,30.05.2022,Кр-57,Round Brilliant,0,0,,,0.014,2,6,7,Б,,-,,1.1,0,0,0,0,0,0,,0,101,,1,,,,,,1022/1,73-77I45UYGL147148
2074,74,1022,52F35I,YGL147149,30.05.2022,Кр-57,Round Brilliant,0,0,,,0.014,2,6,7,Б,,-,,1.1,0,0,0,0,0,0,,0,101,,1,,,,,,1022/1,74-52F35IYGL147149
2075,75,1022,54O05F,YGL147150,30.05.2022,Кр-57,Round Brilliant,0,0,,,0.014,2,6,7,Б,,-,,1.1,0,0,0,0,0,0,,0,101,,1,,,,,,1022/1,75-54O05FYGL147150
2076,76,1022,99Y84U,YGL147151,30.05.2022,Кр-57,Round Brilliant,0,0,,,0.014,2,6,7,Б,,-,,1.1,0,0,0,0,0,0,,0,101,,1,,,,,,1022/1,76-99Y84UYGL147151
2077,77,1022,92E60I,YGL147152,30.05.2022,Кр-57,Round Brilliant,0,0,,,0.014,2,6,7,Б,,-,,1.1,0,0,0,0,0,0,,0,101,,1,,,,,,1022/1,77-92E60IYGL147152
2078,78,1022,61C23N,YGL147153,30.05.2022,Кр-57,Round Brilliant,0,0,,,0.014,2,6,7,Б,,-,,1.1,0,0,0,0,0,0,,0,101,,1,,,,,,1022/1,78-61C23NYGL147153
2079,79,1022,32U33K,YGL147154,30.05.2022,Кр-57,Round Brilliant,0,0,,,0.014,2,6,7,Б,,-,,1.1,0,0,0,0,0,0,,0,101,,1,,,,,,1022/1,79-32U33KYGL147154
2080,80,1022,84S64X,YGL147155,30.05.2022,Кр-57,Round Brilliant,0,0,,,0.014,2,6,7,Б,,-,,1.1,0,0,0,0,0,0,,0,101,,1,,,,,,1022/1,80-84S64XYGL147155
2081,81,1022,65F57L,YGL147156,30.05.2022,Кр-57,Round Brilliant,0,0,,,0.014,2,6,7,Б,,-,,1.1,0,0,0,0,0,0,,0,101,,1,,,,,,1022/1,81-65F57LYGL147156
2082,82,1022,92Q82J,YGL147157,30.05.2022,Кр-57,Round Brilliant,0,0,,,0.014,2,6,7,Б,,-,,1.1,0,0,0,0,0,0,,0,101,,1,,,,,,1022/1,82-92Q82JYGL147157
2083,83,1022,02Y75P,YGL147158,30.05.2022,Кр-57,Round Brilliant,0,0,,,0.011,2,6,6,В,,-,,1.0,0,0,0,0,0,0,,0,101,,1,,,,,,1022/1,83-02Y75PYGL147158
2084,84,1022,25T80N,YGL147159,30.05.2022,Кр-57,Round Brilliant,0,0,,,0.012,2,6,6,В,,-,,1.1,0,0,0,0,0,0,,0,101,,1,,,,,,1022/1,84-25T80NYGL147159
2085,85,1022,40L64K,YGL147160,30.05.2022,Кр-57,Round Brilliant,0,0,,,0.012,2,6,6,В,,-,,1.1,0,0,0,0,0,0,,0,101,,1,,,,,,1022/1,85-40L64KYGL147160
2086,86,1022,99O56C,YGL147161,30.05.2022,Кр-57,Round Brilliant,0,0,,,0.012,2,6,6,В,,-,,1.1,0,0,0,0,0,0,,0,101,,1,,,,,,1022/1,86-99O56CYGL147161
2087,87,1022,12A14N,YGL147162,30.05.2022,Кр-57,Round Brilliant,0,0,,,0.012,2,6,6,В,,-,,1.1,0,0,0,0,0,0,,0,101,,1,,,,,,1022/1,87-12A14NYGL147162
2088,88,1022,57B40H,YGL147163,30.05.2022,Кр-57,Round Brilliant,0,0,,,0.012,2,6,6,В,,-,,1.1,0,0,0,0,0,0,,0,101,,1,,,,,,1022/1,88-57B40HYGL147163
2089,89,1022,65O39T,YGL147164,30.05.2022,Кр-57,Round Brilliant,0,0,,,0.012,2,6,6,В,,-,,1.1,0,0,0,0,0,0,,0,101,,1,,,,,,1022/1,89-65O39TYGL147164
2090,90,1022,54S10G,YGL147165,30.05.2022,Кр-57,Round Brilliant,0,0,,,0.012,2,6,6,В,,-,,1.1,0,0,0,0,0,0,,0,101,,1,,,,,,1022/1,90-54S10GYGL147165
2091,91,1022,79I67A,YGL147166,30.05.2022,Кр-57,Round Brilliant,0,0,,,0.012,2,6,6,В,,-,,1.1,0,0,0,0,0,0,,0,101,,1,,,,,,1022/1,91-79I67AYGL147166
2092,92,1022,74F69X,YGL147167,30.05.2022,Кр-57,Round Brilliant,0,0,,,0.012,2,6,6,В,,-,,1.1,0,0,0,0,0,0,,0,101,,1,,,,,,1022/1,92-74F69XYGL147167
2093,93,1022,60Q90X,YGL147168,30.05.2022,Кр-57,Round Brilliant,0,0,,,0.012,2,6,6,В,,-,,1.1,0,0,0,0,0,0,,0,101,,1,,,,,,1022/1,93-60Q90XYGL147168
2094,94,1022,02O80B,YGL147169,30.05.2022,Кр-57,Round Brilliant,0,0,,,0.012,2,6,6,В,,-,,1.1,0,0,0,0,0,0,,0,101,,1,,,,,,1022/1,94-02O80BYGL147169
2095,95,1022,53K57L,YGL147170,30.05.2022,Кр-57,Round Brilliant,0,0,,,0.012,2,6,6,В,,-,,1.1,0,0,0,0,0,0,,0,101,,1,,,,,,1022/1,95-53K57LYGL147170
2096,96,1022,30K57O,YGL147171,30.05.2022,Кр-57,Round Brilliant,0,0,,,0.012,2,6,6,В,,-,,1.1,0,0,0,0,0,0,,0,101,,1,,,,,,1022/1,96-30K57OYGL147171
2097,97,1022,68K77R,YGL147172,30.05.2022,Кр-57,Round Brilliant,0,0,,,0.012,2,6,6,В,,-,,1.1,0,0,0,0,0,0,,0,101,,1,,,,,,1022/1,97-68K77RYGL147172
2098,98,1022,71T02X,YGL147173,30.05.2022,Кр-57,Round Brilliant,0,0,,,0.012,2,6,6,В,,-,,1.1,0,0,0,0,0,0,,0,101,,1,,,,,,1022/1,98-71T02XYGL147173
2099,99,1022,82E29G,YGL147174,30.05.2022,Кр-57,Round Brilliant,0,0,,,0.012,2,6,6,В,,-,,1.1,0,0,0,0,0,0,,0,101,,1,,,,,,1022/1,99-82E29GYGL147174
2100,100,1022,27Q77H,YGL147175,30.05.2022,Кр-57,Round Brilliant,0,0,,,0.012,2,6,6,В,,-,,1.1,0,0,0,0,0,0,,0,101,,1,,,,,,1022/1,100-27Q77HYGL147175
2101,101,1022,87W23N,YGL147176,30.05.2022,Кр-57,Round Brilliant,0,0,,,0.012,2,6,6,В,,-,,1.1,0,0,0,0,0,0,,0,101,,1,,,,,,1022/1,101-87W23NYGL147176
2102,102,1022,32O61B,YGL147177,30.05.2022,Кр-57,Round Brilliant,0,0,,,0.012,2,6,6,В,,-,,1.1,0,0,0,0,0,0,,0,101,,1,,,,,,1022/1,102-32O61BYGL147177
2103,103,1022,68Q41M,YGL147178,30.05.2022,Кр-57,Round Brilliant,0,0,,,0.012,2,6,6,В,,-,,1.1,0,0,0,0,0,0,,0,101,,1,,,,,,1022/1,103-68Q41MYGL147178
2104,104,1022,97J45Q,YGL147179,30.05.2022,Кр-57,Round Brilliant,0,0,,,0.012,2,6,6,В,,-,,1.1,0,0,0,0,0,0,,0,101,,1,,,,,,1022/1,104-97J45QYGL147179
2105,105,1022,06W31K,YGL147180,30.05.2022,Кр-57,Round Brilliant,0,0,,,0.012,2,6,6,В,,-,,1.1,0,0,0,0,0,0,,0,101,,1,,,,,,1022/1,105-06W31KYGL147180
2106,106,1022,73K74R,YGL147181,30.05.2022,Кр-57,Round Brilliant,0,0,,,0.014,2,6,6,В,,-,,1.15,0,0,0,0,0,0,,0,101,,1,,,,,,1022/1,106-73K74RYGL147181
2107,107,1022,51G09H,YGL147182,30.05.2022,Кр-57,Round Brilliant,0,0,,,0.014,2,6,6,В,,-,,1.15,0,0,0,0,0,0,,0,101,,1,,,,,,1022/1,107-51G09HYGL147182
2108,108,1022,63V37E,YGL147183,30.05.2022,Кр-57,Round Brilliant,0,0,,,0.014,2,6,6,В,,-,,1.15,0,0,0,0,0,0,,0,101,,1,,,,,,1022/1,108-63V37EYGL147183
2109,109,1022,30M45A,YGL147184,30.05.2022,Кр-57,Round Brilliant,0,0,,,0.014,2,6,6,В,,-,,1.2,0,0,0,0,0,0,,0,101,,1,,,,,,1022/1,109-30M45AYGL147184
2110,110,1022,31I76Y,YGL147185,30.05.2022,Кр-57,Round Brilliant,0,0,,,0.014,2,6,6,В,,-,,1.2,0,0,0,0,0,0,,0,101,,1,,,,,,1022/1,110-31I76YYGL147185
2111,111,1022,85P19H,YGL147186,30.05.2022,Кр-57,Round Brilliant,0,0,,,0.014,2,6,6,В,,-,,1.2,0,0,0,0,0,0,,0,101,,1,,,,,,1022/1,111-85P19HYGL147186
2112,112,1022,65T76T,YGL147187,30.05.2022,Кр-57,Round Brilliant,0,0,,,0.014,2,6,6,В,,-,,1.2,0,0,0,0,0,0,,0,101,,1,,,,,,1022/1,112-65T76TYGL147187
2113,113,1022,25M52K,YGL147188,30.05.2022,Кр-57,Round Brilliant,0,0,,,0.014,2,6,6,В,,-,,1.2,0,0,0,0,0,0,,0,101,,1,,,,,,1022/1,113-25M52KYGL147188
2114,114,1022,39M54A,YGL147189,30.05.2022,Кр-57,Round Brilliant,0,0,,,0.014,2,6,6,В,,-,,1.2,0,0,0,0,0,0,,0,101,,1,,,,,,1022/1,114-39M54AYGL147189
2115,115,1022,31Q11J,YGL147190,30.05.2022,Кр-57,Round Brilliant,0,0,,,0.016,2,6,7,В,,-,,1.2,0,0,0,0,0,0,,0,101,,1,,,,,,1022/1,115-31Q11JYGL147190
2116,116,1022,06R44I,YGL147191,30.05.2022,Кр-57,Round Brilliant,0,0,,,0.012,2,7,6,Б,,-,,1.1,0,0,0,0,0,0,,0,101,,1,,,,,,1022/1,116-06R44IYGL147191
2117,117,1022,72B80L,YGL147192,30.05.2022,Кр-57,Round Brilliant,0,0,,,0.012,2,7,6,Б,,-,,1.1,0,0,0,0,0,0,,0,101,,1,,,,,,1022/1,117-72B80LYGL147192
2118,118,1022,77U24V,YGL147193,30.05.2022,Кр-57,Round Brilliant,0,0,,,0.012,2,7,6,Б,,-,,1.1,0,0,0,0,0,0,,0,101,,1,,,,,,1022/1,118-77U24VYGL147193
2119,119,1022,84L32U,YGL147194,30.05.2022,Кр-57,Round Brilliant,0,0,,,0.012,2,7,6,Б,,-,,1.1,0,0,0,0,0,0,,0,101,,1,,,,,,1022/1,119-84L32UYGL147194
2120,120,1022,55P07G,YGL147195,30.05.2022,Кр-57,Round Brilliant,0,0,,,0.012,2,7,6,Б,,-,,1.1,0,0,0,0,0,0,,0,101,,1,,,,,,1022/1,120-55P07GYGL147195
2121,121,1022,02Y36J,YGL147196,30.05.2022,Кр-57,Round Brilliant,0,0,,,0.012,2,7,6,Б,,-,,1.1,0,0,0,0,0,0,,0,101,,1,,,,,,1022/1,121-02Y36JYGL147196
2122,122,1022,33F24P,YGL147197,30.05.2022,Кр-57,Round Brilliant,0,0,,,0.012,2,7,6,Б,,-,,1.1,0,0,0,0,0,0,,0,101,,1,,,,,,1022/1,122-33F24PYGL147197
2123,123,1022,26O60B,YGL147198,30.05.2022,Кр-57,Round Brilliant,0,0,,,0.012,2,7,6,Б,,-,,1.1,0,0,0,0,0,0,,0,101,,1,,,,,,1022/1,123-26O60BYGL147198
2124,124,1022,12J52U,YGL147199,30.05.2022,Кр-57,Round Brilliant,0,0,,,0.012,2,7,6,Б,,-,,1.1,0,0,0,0,0,0,,0,101,,1,,,,,,1022/1,124-12J52UYGL147199
2125,125,1022,85J02E,YGL147200,30.05.2022,Кр-57,Round Brilliant,0,0,,,0.014,2,7,6,Б,,-,,1.15,0,0,0,0,0,0,,0,101,,1,,,,,,1022/1,125-85J02EYGL147200
2126,126,1022,69H28D,YGL147201,30.05.2022,Кр-57,Round Brilliant,0,0,,,0.014,2,7,6,Б,,-,,1.15,0,0,0,0,0,0,,0,101,,1,,,,,,1022/1,126-69H28DYGL147201
2127,127,1022,56P68C,YGL147202,30.05.2022,Кр-57,Round Brilliant,0,0,,,0.016,2,7,6,Б,,-,,1.2,0,0,0,0,0,0,,0,101,,1,,,,,,1022/1,127-56P68CYGL147202
2128,128,1022,38G63U,YGL147203,30.05.2022,Кр-57,Round Brilliant,0,0,,,0.016,2,7,6,Б,,-,,1.2,0,0,0,0,0,0,,0,101,,1,,,,,,1022/1,128-38G63UYGL147203
2129,129,1022,48F78F,YGL147204,30.05.2022,Кр-57,Round Brilliant,0,0,,,0.01,2,7,6,В,,-,,1.0,0,0,0,0,0,0,,0,101,,1,,,,,,1022/1,129-48F78FYGL147204
2130,130,1022,99V56L,YGL147205,30.05.2022,Кр-57,Round Brilliant,0,0,,,0.011,2,7,6,В,,-,,1.1,0,0,0,0,0,0,,0,101,,1,,,,,,1022/1,130-99V56LYGL147205
2131,131,1022,16P83B,YGL147206,30.05.2022,Кр-57,Round Brilliant,0,0,,,0.016,2,7,6,В,,-,,1.2,0,0,0,0,0,0,,0,101,,1,,,,,,1022/1,131-16P83BYGL147206
2132,132,1022,50J42Y,YGL147207,30.05.2022,Кр-57,Round Brilliant,0,0,,,0.016,2,7,6,В,,-,,1.2,0,0,0,0,0,0,,0,101,,1,,,,,,1022/1,132-50J42YYGL147207
2133,133,1022,06P50R,YGL147208,30.05.2022,Кр-57,Round Brilliant,0,0,,,0.016,2,7,6,В,,-,,1.2,0,0,0,0,0,0,,0,101,,1,,,,,,1022/1,133-06P50RYGL147208
2134,134,1022,39H33I,YGL147209,30.05.2022,Кр-57,Round Brilliant,0,0,,,0.011,2,7,7,Б,,-,,1.1,0,0,0,0,0,0,,0,101,,1,,,,,,1022/1,134-39H33IYGL147209
2135,135,1022,25R25O,YGL147210,30.05.2022,Кр-57,Round Brilliant,0,0,,,0.015,2,7,7,Б,,-,,1.2,0,0,0,0,0,0,,0,101,,1,,,,,,1022/1,135-25R25OYGL147210
2136,136,1022,99G87K,YGL147211,30.05.2022,Кр-57,Round Brilliant,0,0,,,0.012,2,6,6,Б,,-,,1.0,0,0,0,0,0,0,,0,101,,1,,,,,,1022/1,136-99G87KYGL147211
2137,137,1022,64M19E,YGL147212,30.05.2022,Кр-57,Round Brilliant,0,0,,,0.012,2,6,6,Б,,-,,1.0,0,0,0,0,0,0,,0,101,,1,,,,,,1022/1,137-64M19EYGL147212
2138,138,1022,56C67T,YGL147213,30.05.2022,Кр-57,Round Brilliant,0,0,,,0.012,2,6,6,Б,,-,,1.0,0,0,0,0,0,0,,0,101,,1,,,,,,1022/1,138-56C67TYGL147213
2139,139,1022,40M50K,YGL147214,30.05.2022,Кр-57,Round Brilliant,0,0,,,0.012,2,6,6,Б,,-,,1.0,0,0,0,0,0,0,,0,101,,1,,,,,,1022/1,139-40M50KYGL147214
2140,140,1022,11H96G,YGL147215,30.05.2022,Кр-57,Round Brilliant,0,0,,,0.012,2,6,6,Б,,-,,1.0,0,0,0,0,0,0,,0,101,,1,,,,,,1022/1,140-11H96GYGL147215
2141,141,1022,44B44X,YGL147216,30.05.2022,Кр-57,Round Brilliant,0,0,,,0.012,2,6,6,Б,,-,,1.0,0,0,0,0,0,0,,0,101,,1,,,,,,1022/1,141-44B44XYGL147216
2142,142,1022,21M35J,YGL147217,30.05.2022,Кр-57,Round Brilliant,0,0,,,0.012,2,6,6,Б,,-,,1.0,0,0,0,0,0,0,,0,101,,1,,,,,,1022/1,142-21M35JYGL147217
2143,143,1022,20Q35W,YGL147218,30.05.2022,Кр-57,Round Brilliant,0,0,,,0.016,2,6,6,Б,,-,,1.2,0,0,0,0,0,0,,0,101,,1,,,,,,1022/1,143-20Q35WYGL147218
2144,313,1022,47L47T,YGL147388,30.05.2022,Кр-57,Round Brilliant,0,0,,,0.024,2,4,6,Б,,-,,1.4,0,0,0,0,0,0,,0,1,,1,,,,,,1022,313-47L47TYGL147388
2145,314,1022,53C54J,YGL147389,30.05.2022,Кр-57,Round Brilliant,0,0,,,0.024,2,4,6,Б,,-,,1.4,0,0,0,0,0,0,,0,1,,1,,,,,,1022,314-53C54JYGL147389
2146,315,1022,66N60H,YGL147390,30.05.2022,Кр-57,Round Brilliant,0,0,,,0.024,2,4,6,Б,,-,,1.4,0,0,0,0,0,0,,0,1,,1,,,,,,1022,315-66N60HYGL147390
2147,316,1022,67U60Q,YGL147391,30.05.2022,Кр-57,Round Brilliant,0,0,,,0.024,2,4,6,Б,,-,,1.4,0,0,0,0,0,0,,0,1,,1,,,,,,1022,316-67U60QYGL147391
2148,317,1022,99P57F,YGL147392,30.05.2022,Кр-57,Round Brilliant,0,0,,,0.024,2,4,6,Б,,-,,1.4,0,0,0,0,0,0,,0,1,,1,,,,,,1022,317-99P57FYGL147392
2149,318,1022,64M33H,YGL147393,30.05.2022,Кр-57,Round Brilliant,0,0,,,0.024,2,4,6,Б,,-,,1.4,0,0,0,0,0,0,,0,1,,1,,,,,,1022,318-64M33HYGL147393
2150,319,1022,48J06Q,YGL147394,30.05.2022,Кр-57,Round Brilliant,0,0,,,0.024,2,4,6,Б,,-,,1.4,0,0,0,0,0,0,,0,1,,1,,,,,,1022,319-48J06QYGL147394
2151,320,1022,74B47O,YGL147395,30.05.2022,Кр-57,Round Brilliant,0,0,,,0.024,2,4,6,Б,,-,,1.4,0,0,0,0,0,0,,0,1,,1,,,,,,1022,320-74B47OYGL147395
2152,321,1022,58M83D,YGL147396,30.05.2022,Кр-57,Round Brilliant,0,0,,,0.024,2,4,6,Б,,-,,1.4,0,0,0,0,0,0,,0,1,,1,,,,,,1022,321-58M83DYGL147396
2153,322,1022,17D20K,YGL147397,30.05.2022,Кр-57,Round Brilliant,0,0,,,0.024,2,4,6,Б,,-,,1.4,0,0,0,0,0,0,,0,1,,1,,,,,,1022,322-17D20KYGL147397
2154,323,1022,36V59Y,YGL147398,30.05.2022,Кр-57,Round Brilliant,0,0,,,0.024,2,4,6,Б,,-,,1.4,0,0,0,0,0,0,,0,1,,1,,,,,,1022,323-36V59YYGL147398
2155,324,1022,54P62V,YGL147399,30.05.2022,Кр-57,Round Brilliant,0,0,,,0.024,2,4,6,Б,,-,,1.4,0,0,0,0,0,0,,0,1,,1,,,,,,1022,324-54P62VYGL147399
2156,325,1022,35A18L,YGL147400,30.05.2022,Кр-57,Round Brilliant,0,0,,,0.024,2,4,6,Б,,-,,1.4,0,0,0,0,0,0,,0,1,,1,,,,,,1022,325-35A18LYGL147400
2157,326,1022,74B20G,YGL147401,30.05.2022,Кр-57,Round Brilliant,0,0,,,0.024,2,4,6,Б,,-,,1.4,0,0,0,0,0,0,,0,1,,1,,,,,,1022,326-74B20GYGL147401
2158,327,1022,35U06R,YGL147402,30.05.2022,Кр-57,Round Brilliant,0,0,,,0.024,2,4,6,Б,,-,,1.4,0,0,0,0,0,0,,0,1,,1,,,,,,1022,327-35U06RYGL147402
2159,328,1022,24T88L,YGL147403,30.05.2022,Кр-57,Round Brilliant,0,0,,,0.024,2,4,6,Б,,-,,1.4,0,0,0,0,0,0,,0,1,,1,,,,,,1022,328-24T88LYGL147403
2160,329,1022,23T81K,YGL147404,30.05.2022,Кр-57,Round Brilliant,0,0,,,0.024,2,4,6,Б,,-,,1.4,0,0,0,0,0,0,,0,1,,1,,,,,,1022,329-23T81KYGL147404
2161,330,1022,31Q07M,YGL147405,30.05.2022,Кр-57,Round Brilliant,0,0,,,0.024,2,4,6,Б,,-,,1.4,0,0,0,0,0,0,,0,1,,1,,,,,,1022,330-31Q07MYGL147405
2162,331,1022,89Q91G,YGL147406,30.05.2022,Кр-57,Round Brilliant,0,0,,,0.026,2,4,6,Б,,-,,1.5,0,0,0,0,0,0,,0,1,,1,,,,,,1022,331-89Q91GYGL147406
2163,332,1022,89S03F,YGL147407,30.05.2022,Кр-57,Round Brilliant,0,0,,,0.026,2,4,6,Б,,-,,1.5,0,0,0,0,0,0,,0,1,,1,,,,,,1022,332-89S03FYGL147407
2164,333,1022,00S69D,YGL147408,30.05.2022,Кр-57,Round Brilliant,0,0,,,0.026,2,4,6,Б,,-,,1.5,0,0,0,0,0,0,,0,1,,1,,,,,,1022,333-00S69DYGL147408
2165,334,1022,96T26O,YGL147409,30.05.2022,Кр-57,Round Brilliant,0,0,,,0.026,2,4,6,Б,,-,,1.5,0,0,0,0,0,0,,0,1,,1,,,,,,1022,334-96T26OYGL147409
2166,335,1022,04T58U,YGL147410,30.05.2022,Кр-57,Round Brilliant,0,0,,,0.026,2,4,6,Б,,-,,1.5,0,0,0,0,0,0,,0,1,,1,,,,,,1022,335-04T58UYGL147410
2167,336,1022,65B16N,YGL147411,30.05.2022,Кр-57,Round Brilliant,0,0,,,0.026,2,4,6,Б,,-,,1.5,0,0,0,0,0,0,,0,1,,1,,,,,,1022,336-65B16NYGL147411
2168,337,1022,27Q93A,YGL147412,30.05.2022,Кр-57,Round Brilliant,0,0,,,0.036,2,4,6,Б,,-,,1.6,0,0,0,0,0,0,,0,1,,1,,,,,,1022,337-27Q93AYGL147412
2169,338,1022,87N22C,YGL147413,30.05.2022,Кр-57,Round Brilliant,0,0,,,0.036,2,4,6,Б,,-,,1.6,0,0,0,0,0,0,,0,1,,1,,,,,,1022,338-87N22CYGL147413
2170,339,1022,68B79L,YGL147414,30.05.2022,Кр-57,Round Brilliant,0,0,,,0.036,2,4,6,Б,,-,,1.6,0,0,0,0,0,0,,0,1,,1,,,,,,1022,339-68B79LYGL147414
2171,340,1022,76E18P,YGL147415,30.05.2022,Кр-57,Round Brilliant,0,0,,,0.036,2,4,6,Б,,-,,1.6,0,0,0,0,0,0,,0,1,,1,,,,,,1022,340-76E18PYGL147415
2172,341,1022,57L33I,YGL147416,30.05.2022,Кр-57,Round Brilliant,0,0,,,0.036,2,4,6,Б,,-,,1.6,0,0,0,0,0,0,,0,1,,1,,,,,,1022,341-57L33IYGL147416
2173,342,1022,77P40J,YGL147417,30.05.2022,Кр-57,Round Brilliant,0,0,,,0.036,2,4,6,Б,,-,,1.6,0,0,0,0,0,0,,0,1,,1,,,,,,1022,342-77P40JYGL147417
2174,343,1022,26K26X,YGL147418,30.05.2022,Кр-57,Round Brilliant,0,0,,,0.036,2,4,6,Б,,-,,1.6,0,0,0,0,0,0,,0,1,,1,,,,,,1022,343-26K26XYGL147418
2175,344,1022,47X14F,YGL147419,30.05.2022,Кр-57,Round Brilliant,0,0,,,0.036,2,4,6,Б,,-,,1.6,0,0,0,0,0,0,,0,1,,1,,,,,,1022,344-47X14FYGL147419
2176,345,1022,17W14Q,YGL147420,30.05.2022,Кр-57,Round Brilliant,0,0,,,0.036,2,4,6,Б,,-,,1.6,0,0,0,0,0,0,,0,1,,1,,,,,,1022,345-17W14QYGL147420
2177,346,1022,58W67W,YGL147421,30.05.2022,Кр-57,Round Brilliant,0,0,,,0.036,2,4,6,Б,,-,,1.6,0,0,0,0,0,0,,0,1,,1,,,,,,1022,346-58W67WYGL147421
2178,347,1022,68G17B,YGL147422,30.05.2022,Кр-57,Round Brilliant,0,0,,,0.036,2,4,6,Б,,-,,1.6,0,0,0,0,0,0,,0,1,,1,,,,,,1022,347-68G17BYGL147422
2179,348,1022,81C32B,YGL147423,30.05.2022,Кр-57,Round Brilliant,0,0,,,0.036,2,4,6,Б,,-,,1.6,0,0,0,0,0,0,,0,1,,1,,,,,,1022,348-81C32BYGL147423
2180,349,1022,69Y66J,YGL147424,30.05.2022,Кр-57,Round Brilliant,0,0,,,0.036,2,4,6,Б,,-,,1.6,0,0,0,0,0,0,,0,1,,1,,,,,,1022,349-69Y66JYGL147424
2181,350,1022,36V96X,YGL147425,30.05.2022,Кр-57,Round Brilliant,0,0,,,0.036,2,4,6,Б,,-,,1.6,0,0,0,0,0,0,,0,1,,1,,,,,,1022,350-36V96XYGL147425
2182,351,1022,72C74E,YGL147426,31.05.2022,Кр-57,Round Brilliant,0,0,,,0.01,1,4,6,А,,-,,1.6,0,0,0,0,0,0,,0,201,,1,,,,,,1022/1,351-72C74EYGL147426
2183,352,1022,12T92F,YGL147427,31.05.2022,Кр-57,Round Brilliant,0,0,,,0.02,1,4,6,А,,-,,1.65,0,0,0,0,0,0,,0,201,,1,,,,,,1022/1,352-12T92FYGL147427
2184,353,1022,04M30G,YGL147428,31.05.2022,Кр-57,Round Brilliant,0,0,,,0.02,1,4,6,А,,-,,1.65,0,0,0,0,0,0,,0,201,,1,,,,,,1022/1,353-04M30GYGL147428
2185,354,1022,58C04W,YGL147429,31.05.2022,Кр-57,Round Brilliant,0,0,,,0.01,1,4,6,А,,-,,1.4,0,0,0,0,0,0,,0,201,,1,,,,,,1022/1,354-58C04WYGL147429
2186,355,1022,78U53U,YGL147430,31.05.2022,Кр-57,Round Brilliant,0,0,,,0.02,1,4,6,А,,-,,1.6,0,0,0,0,0,0,,0,201,,1,,,,,,1022/1,355-78U53UYGL147430
2187,356,1022,62Y36U,YGL147431,31.05.2022,Кр-57,Round Brilliant,0,0,,,0.01,1,4,6,А,,-,,1.4,0,0,0,0,0,0,,0,201,,1,,,,,,1022/1,356-62Y36UYGL147431
2188,357,1022,62K37V,YGL147432,31.05.2022,Кр-57,Round Brilliant,0,0,,,0.01,1,4,6,А,,-,,1.4,0,0,0,0,0,0,,0,201,,1,,,,,,1022/1,357-62K37VYGL147432
2189,358,1022,95X47X,YGL147433,31.05.2022,Кр-57,Round Brilliant,0,0,,,0.02,1,3,6,Б,,-,,1.7,0,0,0,0,0,0,,0,201,,1,,,,,,1022/1,358-95X47XYGL147433
2190,359,1022,87L13Y,YGL147434,31.05.2022,Кр-57,Round Brilliant,0,0,,,0.008,1,3,6,Б,,-,,1.2,0,0,0,0,0,0,,0,202,,1,,,,,,1022/1,359-87L13YYGL147434
2191,360,1022,64C80J,YGL147435,31.05.2022,Кр-57,Round Brilliant,0,0,,,0.01,1,3,6,Б,,-,,1.35,0,0,0,0,0,0,,0,201,,1,,,,,,1022/1,360-64C80JYGL147435
2192,361,1022,21O90B,YGL147436,31.05.2022,Кр-57,Round Brilliant,0,0,,,0.01,1,3,6,Б,,-,,1.3,0,0,0,0,0,0,,0,201,,1,,,,,,1022/1,361-21O90BYGL147436
2193,362,1022,46U51J,YGL147437,31.05.2022,Кр-57,Round Brilliant,0,0,,,0.01,1,3,6,Б,,-,,1.4,0,0,0,0,0,0,,0,201,,1,,,,,,1022/1,362-46U51JYGL147437
2194,363,1022,49M58T,YGL147438,31.05.2022,Кр-57,Round Brilliant,0,0,,,0.01,1,3,6,Б,,-,,1.55,0,0,0,0,0,0,,0,201,,1,,,,,,1022/1,363-49M58TYGL147438
2195,364,1022,20K01L,YGL147439,31.05.2022,Кр-57,Round Brilliant,0,0,,,0.009,1,3,6,Б,,-,,1.25,0,0,0,0,0,0,,0,202,,1,,,,,,1022/1,364-20K01LYGL147439
2196,144,1022,45J01D,YGL147219,30.05.2022,Кр-57,Round Brilliant,0,0,,,0.016,2,6,6,Б,,-,,1.2,0,0,0,0,0,0,,0,101,,1,,,,,,1022/1,144-45J01DYGL147219
2197,145,1022,17G10R,YGL147220,30.05.2022,Кр-57,Round Brilliant,0,0,,,0.016,2,6,6,Б,,-,,1.2,0,0,0,0,0,0,,0,101,,1,,,,,,1022/1,145-17G10RYGL147220
2198,146,1022,85U95B,YGL147221,30.05.2022,Кр-57,Round Brilliant,0,0,,,0.016,2,6,6,Б,,-,,1.2,0,0,0,0,0,0,,0,101,,1,,,,,,1022/1,146-85U95BYGL147221
2199,147,1022,63G64J,YGL147222,30.05.2022,Кр-57,Round Brilliant,0,0,,,0.016,2,6,6,Б,,-,,1.2,0,0,0,0,0,0,,0,101,,1,,,,,,1022/1,147-63G64JYGL147222
2200,148,1022,28D46N,YGL147223,30.05.2022,Кр-57,Round Brilliant,0,0,,,0.016,2,6,6,Б,,-,,1.2,0,0,0,0,0,0,,0,101,,1,,,,,,1022/1,148-28D46NYGL147223
2201,149,1022,71I07X,YGL147224,30.05.2022,Кр-57,Round Brilliant,0,0,,,0.016,2,6,6,Б,,-,,1.2,0,0,0,0,0,0,,0,101,,1,,,,,,1022/1,149-71I07XYGL147224
2202,150,1022,22X14J,YGL147225,30.05.2022,Кр-57,Round Brilliant,0,0,,,0.016,2,6,6,Б,,-,,1.2,0,0,0,0,0,0,,0,101,,1,,,,,,1022/1,150-22X14JYGL147225
2203,151,1022,39O51W,YGL147226,30.05.2022,Кр-57,Round Brilliant,0,0,,,0.016,2,6,6,Б,,-,,1.2,0,0,0,0,0,0,,0,101,,1,,,,,,1022/1,151-39O51WYGL147226
2204,152,1022,07R29L,YGL147227,30.05.2022,Кр-57,Round Brilliant,0,0,,,0.016,2,6,6,Б,,-,,1.2,0,0,0,0,0,0,,0,101,,1,,,,,,1022/1,152-07R29LYGL147227
2205,153,1022,73F65L,YGL147228,30.05.2022,Кр-57,Round Brilliant,0,0,,,0.016,2,6,6,Б,,-,,1.2,0,0,0,0,0,0,,0,101,,1,,,,,,1022/1,153-73F65LYGL147228
2206,154,1022,67B11B,YGL147229,30.05.2022,Кр-57,Round Brilliant,0,0,,,0.016,2,6,6,Б,,-,,1.2,0,0,0,0,0,0,,0,101,,1,,,,,,1022/1,154-67B11BYGL147229
2207,155,1022,59F38M,YGL147230,30.05.2022,Кр-57,Round Brilliant,0,0,,,0.016,2,6,6,Б,,-,,1.2,0,0,0,0,0,0,,0,101,,1,,,,,,1022/1,155-59F38MYGL147230
2208,156,1022,28B19U,YGL147231,30.05.2022,Кр-57,Round Brilliant,0,0,,,0.016,2,6,6,Б,,-,,1.2,0,0,0,0,0,0,,0,101,,1,,,,,,1022/1,156-28B19UYGL147231
2209,157,1022,89F66Y,YGL147232,30.05.2022,Кр-57,Round Brilliant,0,0,,,0.016,2,6,6,Б,,-,,1.2,0,0,0,0,0,0,,0,101,,1,,,,,,1022/1,157-89F66YYGL147232
2210,158,1022,40V12P,YGL147233,30.05.2022,Кр-57,Round Brilliant,0,0,,,0.016,2,6,6,Б,,-,,1.2,0,0,0,0,0,0,,0,101,,1,,,,,,1022/1,158-40V12PYGL147233
2211,159,1022,35W59T,YGL147234,30.05.2022,Кр-57,Round Brilliant,0,0,,,0.016,2,6,6,Б,,-,,1.2,0,0,0,0,0,0,,0,101,,1,,,,,,1022/1,159-35W59TYGL147234
2212,160,1022,47O40A,YGL147235,30.05.2022,Кр-57,Round Brilliant,0,0,,,0.016,2,6,6,Б,,-,,1.2,0,0,0,0,0,0,,0,101,,1,,,,,,1022/1,160-47O40AYGL147235
2213,161,1022,34J61K,YGL147236,30.05.2022,Кр-57,Round Brilliant,0,0,,,0.016,2,6,6,Б,,-,,1.2,0,0,0,0,0,0,,0,101,,1,,,,,,1022/1,161-34J61KYGL147236
2214,162,1022,19G08R,YGL147237,30.05.2022,Кр-57,Round Brilliant,0,0,,,0.016,2,6,6,Б,,-,,1.2,0,0,0,0,0,0,,0,101,,1,,,,,,1022/1,162-19G08RYGL147237
2215,163,1022,27V92L,YGL147238,30.05.2022,Кр-57,Round Brilliant,0,0,,,0.016,2,6,6,Б,,-,,1.2,0,0,0,0,0,0,,0,101,,1,,,,,,1022/1,163-27V92LYGL147238
2216,164,1022,99M85K,YGL147239,30.05.2022,Кр-57,Round Brilliant,0,0,,,0.016,2,6,6,Б,,-,,1.2,0,0,0,0,0,0,,0,101,,1,,,,,,1022/1,164-99M85KYGL147239
2217,165,1022,87W17Q,YGL147240,30.05.2022,Кр-57,Round Brilliant,0,0,,,0.016,2,6,6,Б,,-,,1.2,0,0,0,0,0,0,,0,101,,1,,,,,,1022/1,165-87W17QYGL147240
2218,166,1022,98T74S,YGL147241,30.05.2022,Кр-57,Round Brilliant,0,0,,,0.016,2,6,6,Б,,-,,1.2,0,0,0,0,0,0,,0,101,,1,,,,,,1022/1,166-98T74SYGL147241
2219,167,1022,51H48V,YGL147242,30.05.2022,Кр-57,Round Brilliant,0,0,,,0.016,2,6,6,Б,,-,,1.2,0,0,0,0,0,0,,0,101,,1,,,,,,1022/1,167-51H48VYGL147242
2220,168,1022,39M94T,YGL147243,30.05.2022,Кр-57,Round Brilliant,0,0,,,0.016,2,6,6,Б,,-,,1.2,0,0,0,0,0,0,,0,101,,1,,,,,,1022/1,168-39M94TYGL147243
2221,169,1022,30V58U,YGL147244,30.05.2022,Кр-57,Round Brilliant,0,0,,,0.016,2,6,6,Б,,-,,1.2,0,0,0,0,0,0,,0,101,,1,,,,,,1022/1,169-30V58UYGL147244
2222,170,1022,79B82G,YGL147245,30.05.2022,Кр-57,Round Brilliant,0,0,,,0.016,2,6,6,Б,,-,,1.2,0,0,0,0,0,0,,0,101,,1,,,,,,1022/1,170-79B82GYGL147245
2223,171,1022,09Y25I,YGL147246,30.05.2022,Кр-57,Round Brilliant,0,0,,,0.016,2,6,6,Б,,-,,1.2,0,0,0,0,0,0,,0,101,,1,,,,,,1022/1,171-09Y25IYGL147246
2224,172,1022,22D65V,YGL147247,30.05.2022,Кр-57,Round Brilliant,0,0,,,0.016,2,6,6,Б,,-,,1.2,0,0,0,0,0,0,,0,101,,1,,,,,,1022/1,172-22D65VYGL147247
2225,173,1022,02P42U,YGL147248,30.05.2022,Кр-57,Round Brilliant,0,0,,,0.016,2,6,6,Б,,-,,1.2,0,0,0,0,0,0,,0,101,,1,,,,,,1022/1,173-02P42UYGL147248
2226,174,1022,39J78P,YGL147249,30.05.2022,Кр-57,Round Brilliant,0,0,,,0.016,2,6,6,Б,,-,,1.2,0,0,0,0,0,0,,0,101,,1,,,,,,1022/1,174-39J78PYGL147249
2227,175,1022,35Q50V,YGL147250,30.05.2022,Кр-57,Round Brilliant,0,0,,,0.014,2,6,6,Б,,-,,1.15,0,0,0,0,0,0,,0,101,,1,,,,,,1022/1,175-35Q50VYGL147250
2228,176,1022,01H44V,YGL147251,30.05.2022,Кр-57,Round Brilliant,0,0,,,0.014,2,6,6,Б,,-,,1.15,0,0,0,0,0,0,,0,101,,1,,,,,,1022/1,176-01H44VYGL147251
2229,177,1022,08F07A,YGL147252,30.05.2022,Кр-57,Round Brilliant,0,0,,,0.014,2,6,6,Б,,-,,1.15,0,0,0,0,0,0,,0,101,,1,,,,,,1022/1,177-08F07AYGL147252
2230,178,1022,16G82F,YGL147253,30.05.2022,Кр-57,Round Brilliant,0,0,,,0.014,2,6,6,Б,,-,,1.15,0,0,0,0,0,0,,0,101,,1,,,,,,1022/1,178-16G82FYGL147253
2231,179,1022,56P19J,YGL147254,30.05.2022,Кр-57,Round Brilliant,0,0,,,0.014,2,6,6,Б,,-,,1.15,0,0,0,0,0,0,,0,101,,1,,,,,,1022/1,179-56P19JYGL147254
2232,180,1022,30W44X,YGL147255,30.05.2022,Кр-57,Round Brilliant,0,0,,,0.014,2,6,6,Б,,-,,1.15,0,0,0,0,0,0,,0,101,,1,,,,,,1022/1,180-30W44XYGL147255
2233,181,1022,25B84N,YGL147256,30.05.2022,Кр-57,Round Brilliant,0,0,,,0.014,2,6,6,Б,,-,,1.15,0,0,0,0,0,0,,0,101,,1,,,,,,1022/1,181-25B84NYGL147256
2234,182,1022,31S22I,YGL147257,30.05.2022,Кр-57,Round Brilliant,0,0,,,0.014,2,6,6,Б,,-,,1.15,0,0,0,0,0,0,,0,101,,1,,,,,,1022/1,182-31S22IYGL147257
2235,183,1022,47C48O,YGL147258,30.05.2022,Кр-57,Round Brilliant,0,0,,,0.014,2,6,6,Б,,-,,1.15,0,0,0,0,0,0,,0,101,,1,,,,,,1022/1,183-47C48OYGL147258
2236,184,1022,72B65R,YGL147259,30.05.2022,Кр-57,Round Brilliant,0,0,,,0.014,2,6,6,Б,,-,,1.15,0,0,0,0,0,0,,0,101,,1,,,,,,1022/1,184-72B65RYGL147259
2237,185,1022,36E93U,YGL147260,30.05.2022,Кр-57,Round Brilliant,0,0,,,0.014,2,6,6,Б,,-,,1.15,0,0,0,0,0,0,,0,101,,1,,,,,,1022/1,185-36E93UYGL147260
2238,186,1022,14A78H,YGL147261,30.05.2022,Кр-57,Round Brilliant,0,0,,,0.014,2,6,6,Б,,-,,1.15,0,0,0,0,0,0,,0,101,,1,,,,,,1022/1,186-14A78HYGL147261
2239,187,1022,45A69C,YGL147262,30.05.2022,Кр-57,Round Brilliant,0,0,,,0.014,2,6,6,Б,,-,,1.15,0,0,0,0,0,0,,0,101,,1,,,,,,1022/1,187-45A69CYGL147262
2240,188,1022,70Y96R,YGL147263,30.05.2022,Кр-57,Round Brilliant,0,0,,,0.014,2,6,6,Б,,-,,1.15,0,0,0,0,0,0,,0,101,,1,,,,,,1022/1,188-70Y96RYGL147263
2241,189,1022,11Y68D,YGL147264,30.05.2022,Кр-57,Round Brilliant,0,0,,,0.014,2,6,6,Б,,-,,1.15,0,0,0,0,0,0,,0,101,,1,,,,,,1022/1,189-11Y68DYGL147264
2242,190,1022,12A39F,YGL147265,30.05.2022,Кр-57,Round Brilliant,0,0,,,0.014,2,6,6,Б,,-,,1.15,0,0,0,0,0,0,,0,101,,1,,,,,,1022/1,190-12A39FYGL147265
2243,191,1022,78C88F,YGL147266,30.05.2022,Кр-57,Round Brilliant,0,0,,,0.014,2,6,6,Б,,-,,1.15,0,0,0,0,0,0,,0,101,,1,,,,,,1022/1,191-78C88FYGL147266
2244,192,1022,16B64X,YGL147267,30.05.2022,Кр-57,Round Brilliant,0,0,,,0.014,2,6,6,Б,,-,,1.15,0,0,0,0,0,0,,0,101,,1,,,,,,1022/1,192-16B64XYGL147267
2245,193,1022,12P23C,YGL147268,30.05.2022,Кр-57,Round Brilliant,0,0,,,0.014,2,6,6,Б,,-,,1.15,0,0,0,0,0,0,,0,101,,1,,,,,,1022/1,193-12P23CYGL147268
2246,194,1022,09S44L,YGL147269,30.05.2022,Кр-57,Round Brilliant,0,0,,,0.014,2,6,6,Б,,-,,1.15,0,0,0,0,0,0,,0,101,,1,,,,,,1022/1,194-09S44LYGL147269
2247,195,1022,84R33F,YGL147270,30.05.2022,Кр-57,Round Brilliant,0,0,,,0.014,2,6,6,Б,,-,,1.15,0,0,0,0,0,0,,0,101,,1,,,,,,1022/1,195-84R33FYGL147270
2248,196,1022,20T83K,YGL147271,30.05.2022,Кр-57,Round Brilliant,0,0,,,0.014,2,6,6,Б,,-,,1.15,0,0,0,0,0,0,,0,101,,1,,,,,,1022/1,196-20T83KYGL147271
2249,197,1022,96M83D,YGL147272,30.05.2022,Кр-57,Round Brilliant,0,0,,,0.012,2,6,6,Б,,-,,1.1,0,0,0,0,0,0,,0,101,,1,,,,,,1022/1,197-96M83DYGL147272
2250,198,1022,95T63Y,YGL147273,30.05.2022,Кр-57,Round Brilliant,0,0,,,0.012,2,6,6,Б,,-,,1.1,0,0,0,0,0,0,,0,101,,1,,,,,,1022/1,198-95T63YYGL147273
2251,199,1022,33F78C,YGL147274,30.05.2022,Кр-57,Round Brilliant,0,0,,,0.012,2,6,6,Б,,-,,1.1,0,0,0,0,0,0,,0,101,,1,,,,,,1022/1,199-33F78CYGL147274
2252,200,1022,96W73N,YGL147275,30.05.2022,Кр-57,Round Brilliant,0,0,,,0.012,2,6,6,Б,,-,,1.1,0,0,0,0,0,0,,0,101,,1,,,,,,1022/1,200-96W73NYGL147275
2253,201,1022,81T45B,YGL147276,30.05.2022,Кр-57,Round Brilliant,0,0,,,0.012,2,6,6,Б,,-,,1.1,0,0,0,0,0,0,,0,1,,1,,,,,,1022,201-81T45BYGL147276
2254,202,1022,08Y06X,YGL147277,30.05.2022,Кр-57,Round Brilliant,0,0,,,0.012,2,6,6,Б,,-,,1.1,0,0,0,0,0,0,,0,1,,1,,,,,,1022,202-08Y06XYGL147277
2255,203,1022,13M91U,YGL147278,30.05.2022,Кр-57,Round Brilliant,0,0,,,0.012,2,6,6,Б,,-,,1.1,0,0,0,0,0,0,,0,1,,1,,,,,,1022,203-13M91UYGL147278
2256,204,1022,62B94Q,YGL147279,30.05.2022,Кр-57,Round Brilliant,0,0,,,0.012,2,6,6,Б,,-,,1.1,0,0,0,0,0,0,,0,1,,1,,,,,,1022,204-62B94QYGL147279
2257,205,1022,00X28L,YGL147280,30.05.2022,Кр-57,Round Brilliant,0,0,,,0.012,2,6,6,Б,,-,,1.1,0,0,0,0,0,0,,0,1,,1,,,,,,1022,205-00X28LYGL147280
2258,206,1022,12S82I,YGL147281,30.05.2022,Кр-57,Round Brilliant,0,0,,,0.012,2,6,6,Б,,-,,1.1,0,0,0,0,0,0,,0,1,,1,,,,,,1022,206-12S82IYGL147281
2259,207,1022,88K51X,YGL147282,30.05.2022,Кр-57,Round Brilliant,0,0,,,0.012,2,6,6,Б,,-,,1.1,0,0,0,0,0,0,,0,1,,1,,,,,,1022,207-88K51XYGL147282
2260,208,1022,20I63Q,YGL147283,30.05.2022,Кр-57,Round Brilliant,0,0,,,0.012,2,6,6,Б,,-,,1.1,0,0,0,0,0,0,,0,1,,1,,,,,,1022,208-20I63QYGL147283
2261,209,1022,77E02E,YGL147284,30.05.2022,Кр-57,Round Brilliant,0,0,,,0.012,2,6,6,Б,,-,,1.1,0,0,0,0,0,0,,0,1,,1,,,,,,1022,209-77E02EYGL147284
2262,210,1022,91Q92G,YGL147285,30.05.2022,Кр-57,Round Brilliant,0,0,,,0.012,2,6,6,Б,,-,,1.1,0,0,0,0,0,0,,0,1,,1,,,,,,1022,210-91Q92GYGL147285
2263,211,1022,77J15D,YGL147286,30.05.2022,Кр-57,Round Brilliant,0,0,,,0.012,2,6,6,Б,,-,,1.1,0,0,0,0,0,0,,0,1,,1,,,,,,1022,211-77J15DYGL147286
2264,212,1022,28Q45F,YGL147287,30.05.2022,Кр-57,Round Brilliant,0,0,,,0.012,2,6,6,Б,,-,,1.1,0,0,0,0,0,0,,0,1,,1,,,,,,1022,212-28Q45FYGL147287
2265,213,1022,02X08C,YGL147288,30.05.2022,Кр-57,Round Brilliant,0,0,,,0.012,2,6,6,Б,,-,,1.1,0,0,0,0,0,0,,0,1,,1,,,,,,1022,213-02X08CYGL147288
2266,214,1022,72W05M,YGL147289,30.05.2022,Кр-57,Round Brilliant,0,0,,,0.012,2,6,6,Б,,-,,1.1,0,0,0,0,0,0,,0,1,,1,,,,,,1022,214-72W05MYGL147289
2267,215,1022,84U80O,YGL147290,30.05.2022,Кр-57,Round Brilliant,0,0,,,0.012,2,6,6,Б,,-,,1.1,0,0,0,0,0,0,,0,1,,1,,,,,,1022,215-84U80OYGL147290
2268,216,1022,57K91Q,YGL147291,30.05.2022,Кр-57,Round Brilliant,0,0,,,0.012,2,6,6,Б,,-,,1.1,0,0,0,0,0,0,,0,1,,1,,,,,,1022,216-57K91QYGL147291
2269,217,1022,67M98E,YGL147292,30.05.2022,Кр-57,Round Brilliant,0,0,,,0.012,2,6,6,Б,,-,,1.1,0,0,0,0,0,0,,0,1,,1,,,,,,1022,217-67M98EYGL147292
2270,218,1022,62V73C,YGL147293,30.05.2022,Кр-57,Round Brilliant,0,0,,,0.012,2,6,6,Б,,-,,1.1,0,0,0,0,0,0,,0,1,,1,,,,,,1022,218-62V73CYGL147293
2271,219,1022,61Q30P,YGL147294,30.05.2022,Кр-57,Round Brilliant,0,0,,,0.012,2,6,6,Б,,-,,1.1,0,0,0,0,0,0,,0,1,,1,,,,,,1022,219-61Q30PYGL147294
2272,220,1022,55V92D,YGL147295,30.05.2022,Кр-57,Round Brilliant,0,0,,,0.012,2,6,6,Б,,-,,1.1,0,0,0,0,0,0,,0,1,,1,,,,,,1022,220-55V92DYGL147295
2273,221,1022,78I87J,YGL147296,30.05.2022,Кр-57,Round Brilliant,0,0,,,0.012,2,6,6,Б,,-,,1.1,0,0,0,0,0,0,,0,1,,1,,,,,,1022,221-78I87JYGL147296
2274,222,1022,53N45T,YGL147297,30.05.2022,Кр-57,Round Brilliant,0,0,,,0.012,2,6,6,Б,,-,,1.1,0,0,0,0,0,0,,0,1,,1,,,,,,1022,222-53N45TYGL147297
2275,223,1022,32V21E,YGL147298,30.05.2022,Кр-57,Round Brilliant,0,0,,,0.012,2,6,6,Б,,-,,1.1,0,0,0,0,0,0,,0,1,,1,,,,,,1022,223-32V21EYGL147298
2276,224,1022,21N93H,YGL147299,30.05.2022,Кр-57,Round Brilliant,0,0,,,0.012,2,6,6,Б,,-,,1.1,0,0,0,0,0,0,,0,1,,1,,,,,,1022,224-21N93HYGL147299
2277,225,1022,62R30X,YGL147300,30.05.2022,Кр-57,Round Brilliant,0,0,,,0.012,2,6,6,Б,,-,,1.1,0,0,0,0,0,0,,0,1,,1,,,,,,1022,225-62R30XYGL147300
2278,226,1022,26Y33L,YGL147301,30.05.2022,Кр-57,Round Brilliant,0,0,,,0.012,2,6,6,Б,,-,,1.1,0,0,0,0,0,0,,0,1,,1,,,,,,1022,226-26Y33LYGL147301
2279,227,1022,72V74D,YGL147302,30.05.2022,Кр-57,Round Brilliant,0,0,,,0.012,2,6,6,Б,,-,,1.1,0,0,0,0,0,0,,0,1,,1,,,,,,1022,227-72V74DYGL147302
2280,228,1022,12Y03R,YGL147303,30.05.2022,Кр-57,Round Brilliant,0,0,,,0.012,2,6,6,Б,,-,,1.1,0,0,0,0,0,0,,0,1,,1,,,,,,1022,228-12Y03RYGL147303
2281,229,1022,23D34X,YGL147304,30.05.2022,Кр-57,Round Brilliant,0,0,,,0.012,2,6,6,Б,,-,,1.1,0,0,0,0,0,0,,0,1,,1,,,,,,1022,229-23D34XYGL147304
2282,230,1022,07B66T,YGL147305,30.05.2022,Кр-57,Round Brilliant,0,0,,,0.012,2,6,6,Б,,-,,1.1,0,0,0,0,0,0,,0,1,,1,,,,,,1022,230-07B66TYGL147305
2283,231,1022,47E93B,YGL147306,30.05.2022,Кр-57,Round Brilliant,0,0,,,0.012,2,6,6,Б,,-,,1.1,0,0,0,0,0,0,,0,1,,1,,,,,,1022,231-47E93BYGL147306
2284,232,1022,26E81K,YGL147307,30.05.2022,Кр-57,Round Brilliant,0,0,,,0.012,2,6,6,Б,,-,,1.1,0,0,0,0,0,0,,0,1,,1,,,,,,1022,232-26E81KYGL147307
2285,233,1022,94Y47R,YGL147308,30.05.2022,Кр-57,Round Brilliant,0,0,,,0.012,2,6,6,Б,,-,,1.1,0,0,0,0,0,0,,0,1,,1,,,,,,1022,233-94Y47RYGL147308
2286,234,1022,21Q97O,YGL147309,30.05.2022,Кр-57,Round Brilliant,0,0,,,0.012,2,6,6,Б,,-,,1.1,0,0,0,0,0,0,,0,1,,1,,,,,,1022,234-21Q97OYGL147309
2287,235,1022,32T26P,YGL147310,30.05.2022,Кр-57,Round Brilliant,0,0,,,0.012,2,6,6,Б,,-,,1.1,0,0,0,0,0,0,,0,1,,1,,,,,,1022,235-32T26PYGL147310
2288,236,1022,19U60L,YGL147311,30.05.2022,Кр-57,Round Brilliant,0,0,,,0.012,2,6,6,Б,,-,,1.1,0,0,0,0,0,0,,0,1,,1,,,,,,1022,236-19U60LYGL147311
2289,237,1022,06T40N,YGL147312,30.05.2022,Кр-57,Round Brilliant,0,0,,,0.012,2,6,6,Б,,-,,1.1,0,0,0,0,0,0,,0,1,,1,,,,,,1022,237-06T40NYGL147312
2290,238,1022,68H26J,YGL147313,30.05.2022,Кр-57,Round Brilliant,0,0,,,0.012,2,6,6,Б,,-,,1.1,0,0,0,0,0,0,,0,1,,1,,,,,,1022,238-68H26JYGL147313
2291,239,1022,56Q16X,YGL147314,30.05.2022,Кр-57,Round Brilliant,0,0,,,0.012,2,6,6,Б,,-,,1.1,0,0,0,0,0,0,,0,1,,1,,,,,,1022,239-56Q16XYGL147314
2292,240,1022,79D37G,YGL147315,30.05.2022,Кр-57,Round Brilliant,0,0,,,0.012,2,6,6,Б,,-,,1.1,0,0,0,0,0,0,,0,1,,1,,,,,,1022,240-79D37GYGL147315
2293,241,1022,99V91X,YGL147316,30.05.2022,Кр-57,Round Brilliant,0,0,,,0.012,2,6,6,Б,,-,,1.1,0,0,0,0,0,0,,0,1,,1,,,,,,1022,241-99V91XYGL147316
2294,242,1022,17S94W,YGL147317,30.05.2022,Кр-57,Round Brilliant,0,0,,,0.012,2,6,6,Б,,-,,1.1,0,0,0,0,0,0,,0,1,,1,,,,,,1022,242-17S94WYGL147317
2295,243,1022,14J50I,YGL147318,30.05.2022,Кр-57,Round Brilliant,0,0,,,0.012,2,6,6,Б,,-,,1.1,0,0,0,0,0,0,,0,1,,1,,,,,,1022,243-14J50IYGL147318
2296,244,1022,70F08F,YGL147319,30.05.2022,Кр-57,Round Brilliant,0,0,,,0.012,2,6,6,Б,,-,,1.1,0,0,0,0,0,0,,0,1,,1,,,,,,1022,244-70F08FYGL147319
2297,245,1022,79T46G,YGL147320,30.05.2022,Кр-57,Round Brilliant,0,0,,,0.012,2,6,6,Б,,-,,1.1,0,0,0,0,0,0,,0,1,,1,,,,,,1022,245-79T46GYGL147320
2298,246,1022,03G43Q,YGL147321,30.05.2022,Кр-57,Round Brilliant,0,0,,,0.012,2,6,6,Б,,-,,1.1,0,0,0,0,0,0,,0,1,,1,,,,,,1022,246-03G43QYGL147321
2299,247,1022,48L46Q,YGL147322,30.05.2022,Кр-57,Round Brilliant,0,0,,,0.012,2,6,6,Б,,-,,1.1,0,0,0,0,0,0,,0,1,,1,,,,,,1022,247-48L46QYGL147322
2300,248,1022,90N06E,YGL147323,30.05.2022,Кр-57,Round Brilliant,0,0,,,0.012,2,6,6,Б,,-,,1.1,0,0,0,0,0,0,,0,1,,1,,,,,,1022,248-90N06EYGL147323
2301,249,1022,44Y57H,YGL147324,30.05.2022,Кр-57,Round Brilliant,0,0,,,0.012,2,6,6,Б,,-,,1.1,0,0,0,0,0,0,,0,1,,1,,,,,,1022,249-44Y57HYGL147324
2302,250,1022,88I85F,YGL147325,30.05.2022,Кр-57,Round Brilliant,0,0,,,0.012,2,6,6,Б,,-,,1.1,0,0,0,0,0,0,,0,1,,1,,,,,,1022,250-88I85FYGL147325
2303,251,1022,84Y09V,YGL147326,30.05.2022,Кр-57,Round Brilliant,0,0,,,0.012,2,6,6,Б,,-,,1.1,0,0,0,0,0,0,,0,1,,1,,,,,,1022,251-84Y09VYGL147326
2304,252,1022,22L62Y,YGL147327,30.05.2022,Кр-57,Round Brilliant,0,0,,,0.012,2,6,6,Б,,-,,1.1,0,0,0,0,0,0,,0,1,,1,,,,,,1022,252-22L62YYGL147327
2305,253,1022,16B80M,YGL147328,30.05.2022,Кр-57,Round Brilliant,0,0,,,0.012,2,6,6,Б,,-,,1.1,0,0,0,0,0,0,,0,1,,1,,,,,,1022,253-16B80MYGL147328
2306,254,1022,41C30Y,YGL147329,30.05.2022,Кр-57,Round Brilliant,0,0,,,0.012,2,6,6,Б,,-,,1.1,0,0,0,0,0,0,,0,1,,1,,,,,,1022,254-41C30YYGL147329
2307,255,1022,95A67J,YGL147330,30.05.2022,Кр-57,Round Brilliant,0,0,,,0.012,2,6,6,Б,,-,,1.1,0,0,0,0,0,0,,0,1,,1,,,,,,1022,255-95A67JYGL147330
2308,256,1022,51Q25V,YGL147331,30.05.2022,Кр-57,Round Brilliant,0,0,,,0.012,2,6,6,Б,,-,,1.1,0,0,0,0,0,0,,0,1,,1,,,,,,1022,256-51Q25VYGL147331
2309,257,1022,59J61S,YGL147332,30.05.2022,Кр-57,Round Brilliant,0,0,,,0.012,2,6,6,Б,,-,,1.1,0,0,0,0,0,0,,0,1,,1,,,,,,1022,257-59J61SYGL147332
2310,258,1022,78U62L,YGL147333,30.05.2022,Кр-57,Round Brilliant,0,0,,,0.012,2,6,6,Б,,-,,1.1,0,0,0,0,0,0,,0,1,,1,,,,,,1022,258-78U62LYGL147333
2311,259,1022,50C92V,YGL147334,30.05.2022,Кр-57,Round Brilliant,0,0,,,0.012,2,6,6,Б,,-,,1.1,0,0,0,0,0,0,,0,1,,1,,,,,,1022,259-50C92VYGL147334
2312,260,1022,51V23B,YGL147335,30.05.2022,Кр-57,Round Brilliant,0,0,,,0.012,2,6,6,Б,,-,,1.1,0,0,0,0,0,0,,0,1,,1,,,,,,1022,260-51V23BYGL147335
2313,261,1022,43P39S,YGL147336,30.05.2022,Кр-57,Round Brilliant,0,0,,,0.012,2,6,6,Б,,-,,1.1,0,0,0,0,0,0,,0,1,,1,,,,,,1022,261-43P39SYGL147336
2314,262,1022,03J52X,YGL147337,30.05.2022,Кр-57,Round Brilliant,0,0,,,0.012,2,6,6,Б,,-,,1.1,0,0,0,0,0,0,,0,1,,1,,,,,,1022,262-03J52XYGL147337
2315,263,1022,42X79M,YGL147338,30.05.2022,Кр-57,Round Brilliant,0,0,,,0.012,2,6,6,Б,,-,,1.1,0,0,0,0,0,0,,0,1,,1,,,,,,1022,263-42X79MYGL147338
2316,264,1022,38B07F,YGL147339,30.05.2022,Кр-57,Round Brilliant,0,0,,,0.012,2,6,6,Б,,-,,1.1,0,0,0,0,0,0,,0,1,,1,,,,,,1022,264-38B07FYGL147339
2317,265,1022,37F32M,YGL147340,30.05.2022,Кр-57,Round Brilliant,0,0,,,0.012,2,6,6,Б,,-,,1.1,0,0,0,0,0,0,,0,1,,1,,,,,,1022,265-37F32MYGL147340
2318,266,1022,96U43V,YGL147341,30.05.2022,Кр-57,Round Brilliant,0,0,,,0.012,2,6,6,Б,,-,,1.1,0,0,0,0,0,0,,0,1,,1,,,,,,1022,266-96U43VYGL147341
2319,267,1022,53N08L,YGL147342,30.05.2022,Кр-57,Round Brilliant,0,0,,,0.012,2,6,6,Б,,-,,1.1,0,0,0,0,0,0,,0,1,,1,,,,,,1022,267-53N08LYGL147342
2320,268,1022,51E60Y,YGL147343,30.05.2022,Кр-57,Round Brilliant,0,0,,,0.012,2,6,6,Б,,-,,1.1,0,0,0,0,0,0,,0,1,,1,,,,,,1022,268-51E60YYGL147343
2321,269,1022,98V93V,YGL147344,30.05.2022,Кр-57,Round Brilliant,0,0,,,0.012,2,6,6,Б,,-,,1.1,0,0,0,0,0,0,,0,1,,1,,,,,,1022,269-98V93VYGL147344
2322,270,1022,34V86K,YGL147345,30.05.2022,Кр-57,Round Brilliant,0,0,,,0.012,2,6,6,Б,,-,,1.1,0,0,0,0,0,0,,0,1,,1,,,,,,1022,270-34V86KYGL147345
2323,271,1022,16D03O,YGL147346,30.05.2022,Кр-57,Round Brilliant,0,0,,,0.012,2,6,6,Б,,-,,1.1,0,0,0,0,0,0,,0,1,,1,,,,,,1022,271-16D03OYGL147346
2324,272,1022,36N22K,YGL147347,30.05.2022,Кр-57,Round Brilliant,0,0,,,0.012,2,6,6,Б,,-,,1.1,0,0,0,0,0,0,,0,1,,1,,,,,,1022,272-36N22KYGL147347
2325,273,1022,43Y33Y,YGL147348,30.05.2022,Кр-57,Round Brilliant,0,0,,,0.012,2,6,6,Б,,-,,1.1,0,0,0,0,0,0,,0,1,,1,,,,,,1022,273-43Y33YYGL147348
2326,274,1022,22F65X,YGL147349,30.05.2022,Кр-57,Round Brilliant,0,0,,,0.012,2,6,6,Б,,-,,1.1,0,0,0,0,0,0,,0,1,,1,,,,,,1022,274-22F65XYGL147349
2327,275,1022,45H10U,YGL147350,30.05.2022,Кр-57,Round Brilliant,0,0,,,0.012,2,6,6,Б,,-,,1.1,0,0,0,0,0,0,,0,1,,1,,,,,,1022,275-45H10UYGL147350
2328,276,1022,44I09O,YGL147351,30.05.2022,Кр-57,Round Brilliant,0,0,,,0.012,2,6,6,Б,,-,,1.1,0,0,0,0,0,0,,0,1,,1,,,,,,1022,276-44I09OYGL147351
2329,277,1022,24I87W,YGL147352,30.05.2022,Кр-57,Round Brilliant,0,0,,,0.012,2,6,6,Б,,-,,1.1,0,0,0,0,0,0,,0,1,,1,,,,,,1022,277-24I87WYGL147352
2330,278,1022,21L11M,YGL147353,30.05.2022,Кр-57,Round Brilliant,0,0,,,0.012,2,6,6,Б,,-,,1.1,0,0,0,0,0,0,,0,1,,1,,,,,,1022,278-21L11MYGL147353
2331,279,1022,86T02O,YGL147354,30.05.2022,Кр-57,Round Brilliant,0,0,,,0.012,2,6,6,Б,,-,,1.1,0,0,0,0,0,0,,0,1,,1,,,,,,1022,279-86T02OYGL147354
2332,280,1022,97E66X,YGL147355,30.05.2022,Кр-57,Round Brilliant,0,0,,,0.012,2,6,6,Б,,-,,1.1,0,0,0,0,0,0,,0,1,,1,,,,,,1022,280-97E66XYGL147355
2333,281,1022,55J48W,YGL147356,30.05.2022,Кр-57,Round Brilliant,0,0,,,0.012,2,6,6,Б,,-,,1.1,0,0,0,0,0,0,,0,1,,1,,,,,,1022,281-55J48WYGL147356
2334,282,1022,69D89J,YGL147357,30.05.2022,Кр-57,Round Brilliant,0,0,,,0.012,2,6,6,Б,,-,,1.1,0,0,0,0,0,0,,0,1,,1,,,,,,1022,282-69D89JYGL147357
2335,283,1022,94R53M,YGL147358,30.05.2022,Кр-57,Round Brilliant,0,0,,,0.012,2,6,6,Б,,-,,1.1,0,0,0,0,0,0,,0,1,,1,,,,,,1022,283-94R53MYGL147358
2336,284,1022,76N06W,YGL147359,30.05.2022,Кр-57,Round Brilliant,0,0,,,0.012,2,6,6,Б,,-,,1.1,0,0,0,0,0,0,,0,1,,1,,,,,,1022,284-76N06WYGL147359
2337,285,1022,34W54E,YGL147360,30.05.2022,Кр-57,Round Brilliant,0,0,,,0.012,2,6,6,Б,,-,,1.1,0,0,0,0,0,0,,0,1,,1,,,,,,1022,285-34W54EYGL147360
2338,286,1022,52M70N,YGL147361,30.05.2022,Кр-57,Round Brilliant,0,0,,,0.012,2,6,6,Б,,-,,1.1,0,0,0,0,0,0,,0,1,,1,,,,,,1022,286-52M70NYGL147361
2339,287,1022,45G63P,YGL147362,30.05.2022,Кр-57,Round Brilliant,0,0,,,0.012,2,6,6,Б,,-,,1.1,0,0,0,0,0,0,,0,1,,1,,,,,,1022,287-45G63PYGL147362
2340,288,1022,83G18I,YGL147363,30.05.2022,Кр-57,Round Brilliant,0,0,,,0.012,2,6,6,Б,,-,,1.1,0,0,0,0,0,0,,0,1,,1,,,,,,1022,288-83G18IYGL147363
2341,289,1022,52J83F,YGL147364,30.05.2022,Кр-57,Round Brilliant,0,0,,,0.012,2,6,6,Б,,-,,1.1,0,0,0,0,0,0,,0,1,,1,,,,,,1022,289-52J83FYGL147364
2342,290,1022,03X09E,YGL147365,30.05.2022,Кр-57,Round Brilliant,0,0,,,0.012,2,6,6,Б,,-,,1.1,0,0,0,0,0,0,,0,1,,1,,,,,,1022,290-03X09EYGL147365
2343,291,1022,26E65G,YGL147366,30.05.2022,Кр-57,Round Brilliant,0,0,,,0.012,2,6,6,Б,,-,,1.1,0,0,0,0,0,0,,0,1,,1,,,,,,1022,291-26E65GYGL147366
2344,292,1022,16D10E,YGL147367,30.05.2022,Кр-57,Round Brilliant,0,0,,,0.016,2,4,6,Б,,-,,1.2,0,0,0,0,0,0,,0,1,,1,,,,,,1022,292-16D10EYGL147367
2345,293,1022,24Q74I,YGL147368,30.05.2022,Кр-57,Round Brilliant,0,0,,,0.016,2,4,6,Б,,-,,1.2,0,0,0,0,0,0,,0,1,,1,,,,,,1022,293-24Q74IYGL147368
2346,294,1022,79L17E,YGL147369,30.05.2022,Кр-57,Round Brilliant,0,0,,,0.016,2,4,6,Б,,-,,1.2,0,0,0,0,0,0,,0,1,,1,,,,,,1022,294-79L17EYGL147369
2347,295,1022,16F84C,YGL147370,30.05.2022,Кр-57,Round Brilliant,0,0,,,0.016,2,4,6,Б,,-,,1.2,0,0,0,0,0,0,,0,1,,1,,,,,,1022,295-16F84CYGL147370
2348,296,1022,78I16Q,YGL147371,30.05.2022,Кр-57,Round Brilliant,0,0,,,0.016,2,4,6,Б,,-,,1.2,0,0,0,0,0,0,,0,1,,1,,,,,,1022,296-78I16QYGL147371
2349,297,1022,88F88D,YGL147372,30.05.2022,Кр-57,Round Brilliant,0,0,,,0.016,2,4,6,Б,,-,,1.2,0,0,0,0,0,0,,0,1,,1,,,,,,1022,297-88F88DYGL147372
2350,298,1022,00G20O,YGL147373,30.05.2022,Кр-57,Round Brilliant,0,0,,,0.016,2,4,6,Б,,-,,1.2,0,0,0,0,0,0,,0,1,,1,,,,,,1022,298-00G20OYGL147373
2351,299,1022,42P04C,YGL147374,30.05.2022,Кр-57,Round Brilliant,0,0,,,0.02,2,4,6,Б,,-,,1.3,0,0,0,0,0,0,,0,1,,1,,,,,,1022,299-42P04CYGL147374
2352,300,1022,55W42Y,YGL147375,30.05.2022,Кр-57,Round Brilliant,0,0,,,0.02,2,4,6,Б,,-,,1.3,0,0,0,0,0,0,,0,1,,1,,,,,,1022,300-55W42YYGL147375
2353,301,1022,34X47D,YGL147376,30.05.2022,Кр-57,Round Brilliant,0,0,,,0.02,2,4,6,Б,,-,,1.3,0,0,0,0,0,0,,0,1,,1,,,,,,1022,301-34X47DYGL147376
2354,302,1022,28C20F,YGL147377,30.05.2022,Кр-57,Round Brilliant,0,0,,,0.02,2,4,6,Б,,-,,1.3,0,0,0,0,0,0,,0,1,,1,,,,,,1022,302-28C20FYGL147377
2355,303,1022,37O87P,YGL147378,30.05.2022,Кр-57,Round Brilliant,0,0,,,0.02,2,4,6,Б,,-,,1.3,0,0,0,0,0,0,,0,1,,1,,,,,,1022,303-37O87PYGL147378
2356,304,1022,79G35X,YGL147379,30.05.2022,Кр-57,Round Brilliant,0,0,,,0.02,2,4,6,Б,,-,,1.3,0,0,0,0,0,0,,0,1,,1,,,,,,1022,304-79G35XYGL147379
2357,305,1022,97I15C,YGL147380,30.05.2022,Кр-57,Round Brilliant,0,0,,,0.02,2,4,6,Б,,-,,1.3,0,0,0,0,0,0,,0,1,,1,,,,,,1022,305-97I15CYGL147380
2358,306,1022,23W82B,YGL147381,30.05.2022,Кр-57,Round Brilliant,0,0,,,0.02,2,4,6,Б,,-,,1.3,0,0,0,0,0,0,,0,1,,1,,,,,,1022,306-23W82BYGL147381
2359,307,1022,37Y64G,YGL147382,30.05.2022,Кр-57,Round Brilliant,0,0,,,0.02,2,4,6,Б,,-,,1.3,0,0,0,0,0,0,,0,1,,1,,,,,,1022,307-37Y64GYGL147382
2360,308,1022,27S17D,YGL147383,30.05.2022,Кр-57,Round Brilliant,0,0,,,0.02,2,4,6,Б,,-,,1.3,0,0,0,0,0,0,,0,1,,1,,,,,,1022,308-27S17DYGL147383
2361,309,1022,24H86Q,YGL147384,30.05.2022,Кр-57,Round Brilliant,0,0,,,0.02,2,4,6,Б,,-,,1.3,0,0,0,0,0,0,,0,1,,1,,,,,,1022,309-24H86QYGL147384
2362,310,1022,83I88U,YGL147385,30.05.2022,Кр-57,Round Brilliant,0,0,,,0.02,2,4,6,Б,,-,,1.3,0,0,0,0,0,0,,0,1,,1,,,,,,1022,310-83I88UYGL147385
2363,311,1022,87M36C,YGL147386,30.05.2022,Кр-57,Round Brilliant,0,0,,,0.02,2,4,6,Б,,-,,1.3,0,0,0,0,0,0,,0,1,,1,,,,,,1022,311-87M36CYGL147386
2364,312,1022,27B30R,YGL147387,30.05.2022,Кр-57,Round Brilliant,0,0,,,0.02,2,4,6,Б,,-,,1.3,0,0,0,0,0,0,,0,1,,1,,,,,,1022,312-27B30RYGL147387
2365,365,1022,75B45P,YGL147440,31.05.2022,Кр-57,Round Brilliant,0,0,,,0.009,1,3,6,Б,,-,,1.2,0,0,0,0,0,0,,0,202,,1,,,,,,1022/1,365-75B45PYGL147440
2366,366,1022,17R61F,YGL147441,31.05.2022,Кр-57,Round Brilliant,0,0,,,0.01,1,5,5,Б,,-,,1.3,0,0,0,0,0,0,,0,201,,1,,,,,,1022/1,366-17R61FYGL147441
2367,367,1022,97L83W,YGL147442,31.05.2022,Кр-57,Round Brilliant,0,0,,,0.01,1,5,6,Б,,-,,1.55,0,0,0,0,0,0,,0,201,,1,,,,,,1022/1,367-97L83WYGL147442
2368,368,1022,92Q40X,YGL147443,31.05.2022,Кр-57,Round Brilliant,0,0,,,0.01,1,5,6,А,,-,,1.6,0,0,0,0,0,0,,0,201,,1,,,,,,1022/1,368-92Q40XYGL147443
2369,369,1022,01R67M,YGL147444,31.05.2022,Кр-57,Round Brilliant,0,0,,,0.01,1,4,6,В,,-,,1.35,0,0,0,0,0,0,,0,201,,1,,,,,,1022/1,369-01R67MYGL147444
2370,370,1022,63U64S,YGL147445,31.05.2022,Кр-57,Round Brilliant,0,0,,,0.01,1,4,6,В,,-,,1.3,0,0,0,0,0,0,,0,201,,1,,,,,,1022/1,370-63U64SYGL147445
2371,371,1022,14J22D,YGL147446,31.05.2022,Кр-57,Round Brilliant,0,0,,,0.01,1,4,6,В,,-,,1.35,0,0,0,0,0,0,,0,201,,1,,,,,,1022/1,371-14J22DYGL147446
2372,372,1022,89K70T,YGL147447,31.05.2022,Кр-57,Round Brilliant,0,0,,,0.01,1,4,6,В,,-,,1.35,0,0,0,0,0,0,,0,201,,1,,,,,,1022/1,372-89K70TYGL147447
2373,373,1022,70O04Q,YGL147448,31.05.2022,Кр-57,Round Brilliant,0,0,,,0.01,1,4,6,В,,-,,1.4,0,0,0,0,0,0,,0,201,,1,,,,,,1022/1,373-70O04QYGL147448
2374,374,1022,61B47V,YGL147449,31.05.2022,Кр-57,Round Brilliant,0,0,,,0.01,1,4,6,В,,-,,1.45,0,0,0,0,0,0,,0,201,,1,,,,,,1022/1,374-61B47VYGL147449
2375,375,1022,63F28V,YGL147450,31.05.2022,Кр-57,Round Brilliant,0,0,,,0.01,1,4,6,В,,-,,1.45,0,0,0,0,0,0,,0,201,,1,,,,,,1022/1,375-63F28VYGL147450
2376,376,1022,44P57H,YGL147451,31.05.2022,Кр-57,Round Brilliant,0,0,,,0.01,1,4,6,В,,-,,1.45,0,0,0,0,0,0,,0,201,,1,,,,,,1022/1,376-44P57HYGL147451
2377,377,1022,34N34H,YGL147452,31.05.2022,Кр-57,Round Brilliant,0,0,,,0.01,1,4,6,В,,-,,1.45,0,0,0,0,0,0,,0,201,,1,,,,,,1022/1,377-34N34HYGL147452
2378,378,1022,10I86S,YGL147453,31.05.2022,Кр-57,Round Brilliant,0,0,,,0.01,1,4,6,В,,-,,1.5,0,0,0,0,0,0,,0,201,,1,,,,,,1022/1,378-10I86SYGL147453
2379,379,1022,68Q62M,YGL147454,31.05.2022,Кр-57,Round Brilliant,0,0,,,0.01,1,4,6,В,,-,,1.55,0,0,0,0,0,0,,0,201,,1,,,,,,1022/1,379-68Q62MYGL147454
2380,380,1022,96D80T,YGL147455,31.05.2022,Кр-57,Round Brilliant,0,0,,,0.01,1,4,6,В,,-,,1.6,0,0,0,0,0,0,,0,201,,1,,,,,,1022/1,380-96D80TYGL147455
2381,381,1022,31S79J,YGL147456,31.05.2022,Кр-57,Round Brilliant,0,0,,,0.01,1,4,6,В,,-,,1.65,0,0,0,0,0,0,,0,201,,1,,,,,,1022/1,381-31S79JYGL147456
2382,382,1022,54G37G,YGL147457,31.05.2022,Кр-57,Round Brilliant,0,0,,,0.02,1,4,6,В,,-,,1.75,0,0,0,0,0,0,,0,201,,1,,,,,,1022/1,382-54G37GYGL147457
2383,383,1022,06E25A,YGL147458,31.05.2022,Кр-57,Round Brilliant,0,0,,,0.009,1,4,7,Б,,-,,1.3,0,0,0,0,0,0,,0,202,,1,,,,,,1022/1,383-06E25AYGL147458
2384,384,1022,74F30B,YGL147459,31.05.2022,Кр-57,Round Brilliant,0,0,,,0.01,1,4,7,Б,,-,,1.3,0,0,0,0,0,0,,0,201,,1,,,,,,1022/1,384-74F30BYGL147459
2385,385,1022,09B90I,YGL147460,31.05.2022,Кр-57,Round Brilliant,0,0,,,0.009,1,4,7,Б,,-,,1.3,0,0,0,0,0,0,,0,202,,1,,,,,,1022/1,385-09B90IYGL147460
2386,386,1022,24Q19K,YGL147461,31.05.2022,Кр-57,Round Brilliant,0,0,,,0.01,1,4,7,Б,,-,,1.35,0,0,0,0,0,0,,0,201,,1,,,,,,1022/1,386-24Q19KYGL147461
2387,387,1022,10W25N,YGL147462,31.05.2022,Кр-57,Round Brilliant,0,0,,,0.01,1,4,7,Б,,-,,1.35,0,0,0,0,0,0,,0,201,,1,,,,,,1022/1,387-10W25NYGL147462
2388,388,1022,17Y00U,YGL147463,31.05.2022,Кр-57,Round Brilliant,0,0,,,0.01,1,4,7,Б,,-,,1.2,0,0,0,0,0,0,,0,201,,1,,,,,,1022/1,388-17Y00UYGL147463
2389,389,1022,73Q19I,YGL147464,31.05.2022,Кр-57,Round Brilliant,0,0,,,0.01,1,4,7,Б,,-,,1.2,0,0,0,0,0,0,,0,201,,1,,,,,,1022/1,389-73Q19IYGL147464
2390,390,1022,09V66Y,YGL147465,31.05.2022,Кр-57,Round Brilliant,0,0,,,0.01,1,4,7,Б,,-,,1.3,0,0,0,0,0,0,,0,201,,1,,,,,,1022/1,390-09V66YYGL147465
2391,391,1022,20W81R,YGL147466,31.05.2022,Кр-57,Round Brilliant,0,0,,,0.01,1,4,7,Б,,-,,1.1,0,0,0,0,0,0,,0,201,,1,,,,,,1022/1,391-20W81RYGL147466
2392,392,1022,66A99F,YGL147467,31.05.2022,Кр-57,Round Brilliant,0,0,,,0.01,1,4,7,Б,,-,,1.4,0,0,0,0,0,0,,0,201,,1,,,,,,1022/1,392-66A99FYGL147467
2393,393,1022,48L92V,YGL147468,31.05.2022,Кр-57,Round Brilliant,0,0,,,0.01,1,4,7,Б,,-,,1.1,0,0,0,0,0,0,,0,201,,1,,,,,,1022/1,393-48L92VYGL147468
2394,394,1022,13L69W,YGL147469,31.05.2022,Кр-57,Round Brilliant,0,0,,,0.01,1,4,7,Б,,-,,1.1,0,0,0,0,0,0,,0,201,,1,,,,,,1022/1,394-13L69WYGL147469
2395,395,1022,81V60H,YGL147470,31.05.2022,Кр-57,Round Brilliant,0,0,,,0.01,1,4,7,Б,,-,,1.1,0,0,0,0,0,0,,0,201,,1,,,,,,1022/1,395-81V60HYGL147470
2396,396,1022,56R22K,YGL147471,31.05.2022,Кр-57,Round Brilliant,0,0,,,0.01,1,4,7,Б,,-,,1.4,0,0,0,0,0,0,,0,201,,1,,,,,,1022/1,396-56R22KYGL147471
2397,397,1022,36Q34H,YGL147472,31.05.2022,Кр-57,Round Brilliant,0,0,,,0.01,1,4,7,Б,,-,,1.4,0,0,0,0,0,0,,0,201,,1,,,,,,1022/1,397-36Q34HYGL147472
2398,398,1022,79O12V,YGL147473,31.05.2022,Кр-57,Round Brilliant,0,0,,,0.01,1,4,7,Б,,-,,1.4,0,0,0,0,0,0,,0,201,,1,,,,,,1022/1,398-79O12VYGL147473
2399,399,1022,63J39P,YGL147474,31.05.2022,Кр-57,Round Brilliant,0,0,,,0.01,1,4,7,Б,,-,,1.4,0,0,0,0,0,0,,0,201,,1,,,,,,1022/1,399-63J39PYGL147474
2400,400,1022,27V05X,YGL147475,31.05.2022,Кр-57,Round Brilliant,0,0,,,0.01,1,4,7,Б,,-,,1.4,0,0,0,0,0,0,,0,201,,1,,,,,,1022/1,400-27V05XYGL147475
2401,401,1022,18F93I,YGL147476,31.05.2022,Кр-57,Round Brilliant,0,0,,,0.01,1,4,7,Б,,-,,1.4,0,0,0,0,0,0,,0,201,,1,,,,,,1022/1,401-18F93IYGL147476
2402,402,1022,57N65S,YGL147477,31.05.2022,Кр-57,Round Brilliant,0,0,,,0.01,1,4,7,Б,,-,,1.4,0,0,0,0,0,0,,0,201,,1,,,,,,1022/1,402-57N65SYGL147477
2403,403,1022,44P81B,YGL147478,31.05.2022,Кр-57,Round Brilliant,0,0,,,0.01,1,4,7,Б,,-,,1.4,0,0,0,0,0,0,,0,201,,1,,,,,,1022/1,403-44P81BYGL147478
2404,404,1022,24E70I,YGL147479,31.05.2022,Кр-57,Round Brilliant,0,0,,,0.01,1,4,7,Б,,-,,1.4,0,0,0,0,0,0,,0,201,,1,,,,,,1022/1,404-24E70IYGL147479
2405,405,1022,71I67K,YGL147480,31.05.2022,Кр-57,Round Brilliant,0,0,,,0.01,1,4,7,Б,,-,,1.4,0,0,0,0,0,0,,0,201,,1,,,,,,1022/1,405-71I67KYGL147480
2406,406,1022,31J84C,YGL147481,31.05.2022,Кр-57,Round Brilliant,0,0,,,0.01,1,4,7,Б,,-,,1.4,0,0,0,0,0,0,,0,201,,1,,,,,,1022/1,406-31J84CYGL147481
2407,407,1022,94S22P,YGL147482,31.05.2022,Кр-57,Round Brilliant,0,0,,,0.01,1,4,7,Б,,-,,1.4,0,0,0,0,0,0,,0,201,,1,,,,,,1022/1,407-94S22PYGL147482
2408,408,1022,97T56O,YGL147483,31.05.2022,Кр-57,Round Brilliant,0,0,,,0.01,1,4,7,Б,,-,,1.45,0,0,0,0,0,0,,0,201,,1,,,,,,1022/1,408-97T56OYGL147483
2409,409,1022,64B87K,YGL147484,31.05.2022,Кр-57,Round Brilliant,0,0,,,0.01,1,4,7,Б,,-,,1.45,0,0,0,0,0,0,,0,201,,1,,,,,,1022/1,409-64B87KYGL147484
2410,410,1022,38D98Q,YGL147485,31.05.2022,Кр-57,Round Brilliant,0,0,,,0.01,1,4,7,Б,,-,,1.4,0,0,0,0,0,0,,0,201,,1,,,,,,1022/1,410-38D98QYGL147485
2411,411,1022,54K02I,YGL147486,31.05.2022,Кр-57,Round Brilliant,0,0,,,0.01,1,4,7,Б,,-,,1.4,0,0,0,0,0,0,,0,201,,1,,,,,,1022/1,411-54K02IYGL147486
2412,412,1022,79P90Q,YGL147487,31.05.2022,Кр-57,Round Brilliant,0,0,,,0.01,1,4,7,Б,,-,,1.5,0,0,0,0,0,0,,0,201,,1,,,,,,1022/1,412-79P90QYGL147487
2413,413,1022,72O34Y,YGL147488,31.05.2022,Кр-57,Round Brilliant,0,0,,,0.01,1,4,7,Б,,-,,1.5,0,0,0,0,0,0,,0,201,,1,,,,,,1022/1,413-72O34YYGL147488
2414,414,1022,96N13X,YGL147489,31.05.2022,Кр-57,Round Brilliant,0,0,,,0.01,1,4,7,Б,,-,,1.5,0,0,0,0,0,0,,0,201,,1,,,,,,1022/1,414-96N13XYGL147489
2415,415,1022,15I45U,YGL147490,31.05.2022,Кр-57,Round Brilliant,0,0,,,0.01,1,4,7,Б,,-,,1.5,0,0,0,0,0,0,,0,201,,1,,,,,,1022/1,415-15I45UYGL147490
2416,416,1022,28C38V,YGL147491,31.05.2022,Кр-57,Round Brilliant,0,0,,,0.01,1,4,7,Б,,-,,1.5,0,0,0,0,0,0,,0,201,,1,,,,,,1022/1,416-28C38VYGL147491
2417,417,1022,19X61C,YGL147492,31.05.2022,Кр-57,Round Brilliant,0,0,,,0.01,1,4,7,Б,,-,,1.5,0,0,0,0,0,0,,0,201,,1,,,,,,1022/1,417-19X61CYGL147492
2418,418,1022,73M30P,YGL147493,31.05.2022,Кр-57,Round Brilliant,0,0,,,0.01,1,4,7,Б,,-,,1.5,0,0,0,0,0,0,,0,201,,1,,,,,,1022/1,418-73M30PYGL147493
2419,419,1022,30T41V,YGL147494,31.05.2022,Кр-57,Round Brilliant,0,0,,,0.01,1,4,7,Б,,-,,1.5,0,0,0,0,0,0,,0,201,,1,,,,,,1022/1,419-30T41VYGL147494
2420,420,1022,88L52P,YGL147495,31.05.2022,Кр-57,Round Brilliant,0,0,,,0.01,1,4,7,Б,,-,,1.55,0,0,0,0,0,0,,0,201,,1,,,,,,1022/1,420-88L52PYGL147495
2421,421,1022,55K22O,YGL147496,31.05.2022,Кр-57,Round Brilliant,0,0,,,0.01,1,4,7,Б,,-,,1.7,0,0,0,0,0,0,,0,201,,1,,,,,,1022/1,421-55K22OYGL147496
2422,422,1022,83N45B,YGL147497,31.05.2022,Кр-57,Round Brilliant,0,0,,,0.01,1,4,7,Б,,-,,1.55,0,0,0,0,0,0,,0,201,,1,,,,,,1022/1,422-83N45BYGL147497
2423,423,1022,31W89Q,YGL147498,31.05.2022,Кр-57,Round Brilliant,0,0,,,0.01,1,4,7,Б,,-,,1.6,0,0,0,0,0,0,,0,201,,1,,,,,,1022/1,423-31W89QYGL147498
2424,424,1022,06I92R,YGL147499,31.05.2022,Кр-57,Round Brilliant,0,0,,,0.01,1,4,7,Б,,-,,1.6,0,0,0,0,0,0,,0,201,,1,,,,,,1022/1,424-06I92RYGL147499
2425,425,1022,83C64N,YGL147500,31.05.2022,Кр-57,Round Brilliant,0,0,,,0.01,1,4,7,Б,,-,,1.6,0,0,0,0,0,0,,0,201,,1,,,,,,1022/1,425-83C64NYGL147500
2426,426,1022,19I99V,YGL147501,31.05.2022,Кр-57,Round Brilliant,0,0,,,0.01,1,4,7,Б,,-,,1.8,0,0,0,0,0,0,,0,201,,1,,,,,,1022/1,426-19I99VYGL147501
2427,427,1022,02M97Q,YGL147502,31.05.2022,Кр-57,Round Brilliant,0,0,,,0.02,1,4,7,Б,,-,,1.7,0,0,0,0,0,0,,0,201,,1,,,,,,1022/1,427-02M97QYGL147502
2428,428,1022,34I46V,YGL147503,31.05.2022,Кр-57,Round Brilliant,0,0,,,0.02,1,4,7,Б,,-,,1.65,0,0,0,0,0,0,,0,201,,1,,,,,,1022/1,428-34I46VYGL147503
2429,429,1022,40F33Y,YGL147504,31.05.2022,Кр-57,Round Brilliant,0,0,,,0.02,1,4,7,Б,,-,,1.8,0,0,0,0,0,0,,0,201,,1,,,,,,1022/1,429-40F33YYGL147504
2430,430,1022,48D48H,YGL147505,31.05.2022,Кр-57,Round Brilliant,0,0,,,0.02,1,4,7,Б,,-,,1.7,0,0,0,0,0,0,,0,201,,1,,,,,,1022/1,430-48D48HYGL147505
2431,431,1022,09H94S,YGL147506,31.05.2022,Кр-57,Round Brilliant,0,0,,,0.02,1,4,7,Б,,-,,1.7,0,0,0,0,0,0,,0,201,,1,,,,,,1022/1,431-09H94SYGL147506
2432,432,1022,47J70G,YGL147507,31.05.2022,Кр-57,Round Brilliant,0,0,,,0.02,1,4,7,Б,,-,,1.7,0,0,0,0,0,0,,0,201,,1,,,,,,1022/1,432-47J70GYGL147507
2433,433,1022,23X68F,YGL147508,31.05.2022,Кр-57,Round Brilliant,0,0,,,0.02,1,4,7,Б,,-,,1.7,0,0,0,0,0,0,,0,201,,1,,,,,,1022/1,433-23X68FYGL147508
2434,434,1022,17L22W,YGL147509,31.05.2022,Кр-57,Round Brilliant,0,0,,,0.02,1,4,7,Б,,-,,1.7,0,0,0,0,0,0,,0,201,,1,,,,,,1022/1,434-17L22WYGL147509
2435,435,1022,34O33Y,YGL147510,31.05.2022,Кр-57,Round Brilliant,0,0,,,0.02,1,4,7,Б,,-,,1.7,0,0,0,0,0,0,,0,201,,1,,,,,,1022/1,435-34O33YYGL147510
2436,436,1022,68G97B,YGL147511,31.05.2022,Кр-57,Round Brilliant,0,0,,,0.01,1,4,7,Б,,-,,1.7,0,0,0,0,0,0,,0,201,,1,,,,,,1022/1,436-68G97BYGL147511
2437,437,1022,17O90I,YGL147512,31.05.2022,Кр-57,Round Brilliant,0,0,,,0.02,1,4,7,Б,,-,,1.75,0,0,0,0,0,0,,0,201,,1,,,,,,1022/1,437-17O90IYGL147512
2438,438,1022,57I39T,YGL147513,31.05.2022,Кр-57,Round Brilliant,0,0,,,0.01,1,4,7,Б,,-,,1.35,0,0,0,0,0,0,,0,201,,1,,,,,,1022/1,438-57I39TYGL147513
2439,439,1022,97Q03X,YGL147514,31.05.2022,Кр-57,Round Brilliant,0,0,,,0.009,1,6,6,Б,,-,,1.2,0,0,0,0,0,0,,0,202,,1,,,,,,1022/1,439-97Q03XYGL147514
2440,440,1022,71E78W,YGL147515,31.05.2022,Кр-57,Round Brilliant,0,0,,,0.009,1,6,6,Б,,-,,1.2,0,0,0,0,0,0,,0,202,,1,,,,,,1022/1,440-71E78WYGL147515
2441,441,1022,06G38U,YGL147516,31.05.2022,Кр-57,Round Brilliant,0,0,,,0.009,1,6,6,Б,,-,,1.2,0,0,0,0,0,0,,0,202,,1,,,,,,1022/1,441-06G38UYGL147516
2442,442,1022,79A70J,YGL147517,31.05.2022,Кр-57,Round Brilliant,0,0,,,0.009,1,6,6,Б,,-,,1.2,0,0,0,0,0,0,,0,202,,1,,,,,,1022/1,442-79A70JYGL147517
2443,443,1022,92I95I,YGL147518,31.05.2022,Кр-57,Round Brilliant,0,0,,,0.01,1,6,6,Б,,-,,1.2,0,0,0,0,0,0,,0,201,,1,,,,,,1022/1,443-92I95IYGL147518
2444,444,1022,08I32I,YGL147519,31.05.2022,Кр-57,Round Brilliant,0,0,,,0.009,1,6,6,Б,,-,,1.2,0,0,0,0,0,0,,0,202,,1,,,,,,1022/1,444-08I32IYGL147519
2445,445,1022,50I37X,YGL147520,31.05.2022,Кр-57,Round Brilliant,0,0,,,0.009,1,6,6,Б,,-,,1.2,0,0,0,0,0,0,,0,202,,1,,,,,,1022/1,445-50I37XYGL147520
2446,446,1022,39J22U,YGL147521,31.05.2022,Кр-57,Round Brilliant,0,0,,,0.009,1,6,6,Б,,-,,1.2,0,0,0,0,0,0,,0,202,,1,,,,,,1022/1,446-39J22UYGL147521
2447,447,1022,89K03L,YGL147522,31.05.2022,Кр-57,Round Brilliant,0,0,,,0.008,1,6,6,Б,,-,,1.25,0,0,0,0,0,0,,0,202,,1,,,,,,1022/1,447-89K03LYGL147522
2448,448,1022,42D83J,YGL147523,31.05.2022,Кр-57,Round Brilliant,0,0,,,0.009,1,6,6,Б,,-,,1.25,0,0,0,0,0,0,,0,202,,1,,,,,,1022/1,448-42D83JYGL147523
2449,449,1022,22X90H,YGL147524,31.05.2022,Кр-57,Round Brilliant,0,0,,,0.01,1,6,6,Б,,-,,1.3,0,0,0,0,0,0,,0,201,,1,,,,,,1022/1,449-22X90HYGL147524
2450,450,1022,01K37I,YGL147525,31.05.2022,Кр-57,Round Brilliant,0,0,,,0.01,1,6,6,Б,,-,,1.3,0,0,0,0,0,0,,0,201,,1,,,,,,1022/1,450-01K37IYGL147525
2451,451,1022,04G99N,YGL147526,31.05.2022,Кр-57,Round Brilliant,0,0,,,0.009,1,6,6,Б,,-,,1.2,0,0,0,0,0,0,,0,202,,1,,,,,,1022/1,451-04G99NYGL147526
2452,452,1022,42B58Y,YGL147527,31.05.2022,Кр-57,Round Brilliant,0,0,,,0.01,1,6,6,Б,,-,,1.2,0,0,0,0,0,0,,0,201,,1,,,,,,1022/1,452-42B58YYGL147527
2453,453,1022,67N44I,YGL147528,31.05.2022,Кр-57,Round Brilliant,0,0,,,0.01,1,6,6,Б,,-,,1.2,0,0,0,0,0,0,,0,201,,1,,,,,,1022/1,453-67N44IYGL147528
2454,454,1022,96S62A,YGL147529,31.05.2022,Кр-57,Round Brilliant,0,0,,,0.01,1,6,6,Б,,-,,1.2,0,0,0,0,0,0,,0,201,,1,,,,,,1022/1,454-96S62AYGL147529
2455,455,1022,08E03O,YGL147530,31.05.2022,Кр-57,Round Brilliant,0,0,,,0.01,1,6,6,Б,,-,,1.2,0,0,0,0,0,0,,0,201,,1,,,,,,1022/1,455-08E03OYGL147530
2456,456,1022,52U47O,YGL147531,31.05.2022,Кр-57,Round Brilliant,0,0,,,0.01,1,6,6,Б,,-,,1.2,0,0,0,0,0,0,,0,201,,1,,,,,,1022/1,456-52U47OYGL147531
2457,457,1022,03G74V,YGL147532,31.05.2022,Кр-57,Round Brilliant,0,0,,,0.01,1,6,6,Б,,-,,1.2,0,0,0,0,0,0,,0,201,,1,,,,,,1022/1,457-03G74VYGL147532
2458,458,1022,32F38A,YGL147533,31.05.2022,Кр-57,Round Brilliant,0,0,,,0.01,1,6,6,Б,,-,,1.3,0,0,0,0,0,0,,0,201,,1,,,,,,1022/1,458-32F38AYGL147533
2459,459,1022,70D25N,YGL147534,31.05.2022,Кр-57,Round Brilliant,0,0,,,0.01,1,6,6,Б,,-,,1.3,0,0,0,0,0,0,,0,201,,1,,,,,,1022/1,459-70D25NYGL147534
2460,460,1022,51B29M,YGL147535,31.05.2022,Кр-57,Round Brilliant,0,0,,,0.01,1,6,6,Б,,-,,1.3,0,0,0,0,0,0,,0,201,,1,,,,,,1022/1,460-51B29MYGL147535
2461,461,1022,85O00J,YGL147536,31.05.2022,Кр-57,Round Brilliant,0,0,,,0.01,1,6,6,Б,,-,,1.3,0,0,0,0,0,0,,0,201,,1,,,,,,1022/1,461-85O00JYGL147536
2462,462,1022,92F45H,YGL147537,31.05.2022,Кр-57,Round Brilliant,0,0,,,0.01,1,6,6,Б,,-,,1.35,0,0,0,0,0,0,,0,201,,1,,,,,,1022/1,462-92F45HYGL147537
2463,463,1022,92X24A,YGL147538,31.05.2022,Кр-57,Round Brilliant,0,0,,,0.01,1,6,6,Б,,-,,1.35,0,0,0,0,0,0,,0,201,,1,,,,,,1022/1,463-92X24AYGL147538
2464,464,1022,10X21P,YGL147539,31.05.2022,Кр-57,Round Brilliant,0,0,,,0.01,1,6,6,Б,,-,,1.35,0,0,0,0,0,0,,0,201,,1,,,,,,1022/1,464-10X21PYGL147539
2465,465,1022,15Q31W,YGL147540,31.05.2022,Кр-57,Round Brilliant,0,0,,,0.01,1,6,6,Б,,-,,1.35,0,0,0,0,0,0,,0,201,,1,,,,,,1022/1,465-15Q31WYGL147540
2466,466,1022,40H92W,YGL147541,31.05.2022,Кр-57,Round Brilliant,0,0,,,0.01,1,6,6,Б,,-,,1.35,0,0,0,0,0,0,,0,201,,1,,,,,,1022/1,466-40H92WYGL147541
2467,467,1022,74Y57P,YGL147542,31.05.2022,Кр-57,Round Brilliant,0,0,,,0.01,1,6,6,Б,,-,,1.35,0,0,0,0,0,0,,0,201,,1,,,,,,1022/1,467-74Y57PYGL147542
2468,468,1022,89I98S,YGL147543,31.05.2022,Кр-57,Round Brilliant,0,0,,,0.01,1,6,6,Б,,-,,1.35,0,0,0,0,0,0,,0,201,,1,,,,,,1022/1,468-89I98SYGL147543
2469,469,1022,86A69E,YGL147544,31.05.2022,Кр-57,Round Brilliant,0,0,,,0.01,1,6,6,Б,,-,,1.35,0,0,0,0,0,0,,0,201,,1,,,,,,1022/1,469-86A69EYGL147544
2470,470,1022,04S51Q,YGL147545,31.05.2022,Кр-57,Round Brilliant,0,0,,,0.01,1,6,6,Б,,-,,1.35,0,0,0,0,0,0,,0,201,,1,,,,,,1022/1,470-04S51QYGL147545
2471,471,1022,10S20P,YGL147546,31.05.2022,Кр-57,Round Brilliant,0,0,,,0.01,1,6,6,Б,,-,,1.35,0,0,0,0,0,0,,0,201,,1,,,,,,1022/1,471-10S20PYGL147546
2472,472,1022,46P81A,YGL147547,31.05.2022,Кр-57,Round Brilliant,0,0,,,0.01,1,6,6,Б,,-,,1.3,0,0,0,0,0,0,,0,201,,1,,,,,,1022/1,472-46P81AYGL147547
2473,473,1022,06V66F,YGL147548,31.05.2022,Кр-57,Round Brilliant,0,0,,,0.01,1,6,6,Б,,-,,1.3,0,0,0,0,0,0,,0,201,,1,,,,,,1022/1,473-06V66FYGL147548
2474,474,1022,10U81Q,YGL147549,31.05.2022,Кр-57,Round Brilliant,0,0,,,0.01,1,6,6,Б,,-,,1.2,0,0,0,0,0,0,,0,201,,1,,,,,,1022/1,474-10U81QYGL147549
2475,475,1022,71D18H,YGL147550,31.05.2022,Кр-57,Round Brilliant,0,0,,,0.01,1,6,6,Б,,-,,1.2,0,0,0,0,0,0,,0,201,,1,,,,,,1022/1,475-71D18HYGL147550
2476,476,1022,61A81Q,YGL147551,31.05.2022,Кр-57,Round Brilliant,0,0,,,0.01,1,6,6,Б,,-,,1.35,0,0,0,0,0,0,,0,201,,1,,,,,,1022/1,476-61A81QYGL147551
2477,477,1022,53R47Y,YGL147552,31.05.2022,Кр-57,Round Brilliant,0,0,,,0.01,1,6,6,Б,,-,,1.4,0,0,0,0,0,0,,0,201,,1,,,,,,1022/1,477-53R47YYGL147552
2478,478,1022,41O22O,YGL147553,31.05.2022,Кр-57,Round Brilliant,0,0,,,0.01,1,6,6,Б,,-,,1.4,0,0,0,0,0,0,,0,201,,1,,,,,,1022/1,478-41O22OYGL147553
2479,479,1022,73B86O,YGL147554,31.05.2022,Кр-57,Round Brilliant,0,0,,,0.01,1,6,6,Б,,-,,1.4,0,0,0,0,0,0,,0,201,,1,,,,,,1022/1,479-73B86OYGL147554
2480,480,1022,12E44I,YGL147555,31.05.2022,Кр-57,Round Brilliant,0,0,,,0.01,1,6,6,Б,,-,,1.3,0,0,0,0,0,0,,0,201,,1,,,,,,1022/1,480-12E44IYGL147555
2481,481,1022,85T76R,YGL147556,31.05.2022,Кр-57,Round Brilliant,0,0,,,0.01,1,6,6,Б,,-,,1.4,0,0,0,0,0,0,,0,201,,1,,,,,,1022/1,481-85T76RYGL147556
2482,482,1022,67D96I,YGL147557,31.05.2022,Кр-57,Round Brilliant,0,0,,,0.01,1,6,6,Б,,-,,1.4,0,0,0,0,0,0,,0,201,,1,,,,,,1022/1,482-67D96IYGL147557
2483,483,1022,90B47I,YGL147558,31.05.2022,Кр-57,Round Brilliant,0,0,,,0.01,1,6,6,Б,,-,,1.4,0,0,0,0,0,0,,0,201,,1,,,,,,1022/1,483-90B47IYGL147558
2484,484,1022,66O77P,YGL147559,31.05.2022,Кр-57,Round Brilliant,0,0,,,0.01,1,6,6,Б,,-,,1.3,0,0,0,0,0,0,,0,201,,1,,,,,,1022/1,484-66O77PYGL147559
2485,485,1022,84R31K,YGL147560,31.05.2022,Кр-57,Round Brilliant,0,0,,,0.01,1,6,6,Б,,-,,1.3,0,0,0,0,0,0,,0,201,,1,,,,,,1022/1,485-84R31KYGL147560
2486,486,1022,24F13O,YGL147561,31.05.2022,Кр-57,Round Brilliant,0,0,,,0.01,1,6,6,Б,,-,,1.3,0,0,0,0,0,0,,0,201,,1,,,,,,1022/1,486-24F13OYGL147561
2487,487,1022,88N02F,YGL147562,31.05.2022,Кр-57,Round Brilliant,0,0,,,0.01,1,6,6,Б,,-,,1.4,0,0,0,0,0,0,,0,201,,1,,,,,,1022/1,487-88N02FYGL147562
2488,488,1022,92D31O,YGL147563,31.05.2022,Кр-57,Round Brilliant,0,0,,,0.01,1,6,6,Б,,-,,1.3,0,0,0,0,0,0,,0,201,,1,,,,,,1022/1,488-92D31OYGL147563
2489,489,1022,85R99N,YGL147564,31.05.2022,Кр-57,Round Brilliant,0,0,,,0.01,1,6,6,Б,,-,,1.4,0,0,0,0,0,0,,0,201,,1,,,,,,1022/1,489-85R99NYGL147564
2490,490,1022,38U44D,YGL147565,31.05.2022,Кр-57,Round Brilliant,0,0,,,0.01,1,6,6,Б,,-,,1.2,0,0,0,0,0,0,,0,201,,1,,,,,,1022/1,490-38U44DYGL147565
2491,491,1022,52N13S,YGL147566,31.05.2022,Кр-57,Round Brilliant,0,0,,,0.01,1,6,6,Б,,-,,1.45,0,0,0,0,0,0,,0,201,,1,,,,,,1022/1,491-52N13SYGL147566
2492,492,1022,86Q59D,YGL147567,31.05.2022,Кр-57,Round Brilliant,0,0,,,0.01,1,6,6,Б,,-,,1.5,0,0,0,0,0,0,,0,201,,1,,,,,,1022/1,492-86Q59DYGL147567
2493,493,1022,38J32G,YGL147568,31.05.2022,Кр-57,Round Brilliant,0,0,,,0.01,1,6,6,Б,,-,,1.5,0,0,0,0,0,0,,0,201,,1,,,,,,1022/1,493-38J32GYGL147568
2494,494,1022,99L81N,YGL147569,31.05.2022,Кр-57,Round Brilliant,0,0,,,0.01,1,6,6,Б,,-,,1.5,0,0,0,0,0,0,,0,201,,1,,,,,,1022/1,494-99L81NYGL147569
2495,495,1022,90B19E,YGL147570,31.05.2022,Кр-57,Round Brilliant,0,0,,,0.01,1,6,6,Б,,-,,1.5,0,0,0,0,0,0,,0,201,,1,,,,,,1022/1,495-90B19EYGL147570
2496,496,1022,14I26V,YGL147571,31.05.2022,Кр-57,Round Brilliant,0,0,,,0.01,1,6,6,Б,,-,,1.55,0,0,0,0,0,0,,0,201,,1,,,,,,1022/1,496-14I26VYGL147571
2497,497,1022,52B99E,YGL147572,31.05.2022,Кр-57,Round Brilliant,0,0,,,0.01,1,6,6,Б,,-,,1.6,0,0,0,0,0,0,,0,201,,1,,,,,,1022/1,497-52B99EYGL147572
2498,498,1022,95U64N,YGL147573,31.05.2022,Кр-57,Round Brilliant,0,0,,,0.01,1,6,6,Б,,-,,1.55,0,0,0,0,0,0,,0,201,,1,,,,,,1022/1,498-95U64NYGL147573
2499,499,1022,19P08T,YGL147574,31.05.2022,Кр-57,Round Brilliant,0,0,,,0.01,1,6,6,Б,,-,,1.55,0,0,0,0,0,0,,0,201,,1,,,,,,1022/1,499-19P08TYGL147574
2500,500,1022,53F59B,YGL147575,31.05.2022,Кр-57,Round Brilliant,0,0,,,0.01,1,6,6,Б,,-,,1.6,0,0,0,0,0,0,,0,201,,1,,,,,,1022/1,500-53F59BYGL147575
2501,501,1022,54I53Q,YGL147576,31.05.2022,Кр-57,Round Brilliant,0,0,,,0.01,1,6,6,Б,,-,,1.6,0,0,0,0,0,0,,0,201,,1,,,,,,1022/1,501-54I53QYGL147576
2502,502,1022,51G36N,YGL147577,31.05.2022,Кр-57,Round Brilliant,0,0,,,0.01,1,6,6,Б,,-,,1.6,0,0,0,0,0,0,,0,201,,1,,,,,,1022/1,502-51G36NYGL147577
2503,503,1022,59T70J,YGL147578,31.05.2022,Кр-57,Round Brilliant,0,0,,,0.02,1,6,6,Б,,-,,1.6,0,0,0,0,0,0,,0,201,,1,,,,,,1022/1,503-59T70JYGL147578
2504,504,1022,98U72P,YGL147579,31.05.2022,Кр-57,Round Brilliant,0,0,,,0.01,1,6,6,Б,,-,,1.6,0,0,0,0,0,0,,0,201,,1,,,,,,1022/1,504-98U72PYGL147579
2505,505,1022,52O58J,YGL147580,31.05.2022,Кр-57,Round Brilliant,0,0,,,0.01,1,6,6,Б,,-,,1.6,0,0,0,0,0,0,,0,201,,1,,,,,,1022/1,505-52O58JYGL147580
2506,506,1022,29F17G,YGL147581,31.05.2022,Кр-57,Round Brilliant,0,0,,,0.02,1,6,6,Б,,-,,1.6,0,0,0,0,0,0,,0,201,,1,,,,,,1022/1,506-29F17GYGL147581
2507,507,1022,58O49X,YGL147582,31.05.2022,Кр-57,Round Brilliant,0,0,,,0.01,1,6,6,Б,,-,,1.6,0,0,0,0,0,0,,0,201,,1,,,,,,1022/1,507-58O49XYGL147582
2508,508,1022,14L15I,YGL147583,31.05.2022,Кр-57,Round Brilliant,0,0,,,0.01,1,6,6,Б,,-,,1.6,0,0,0,0,0,0,,0,201,,1,,,,,,1022/1,508-14L15IYGL147583
2509,509,1022,48K40V,YGL147584,31.05.2022,Кр-57,Round Brilliant,0,0,,,0.01,1,6,6,Б,,-,,1.6,0,0,0,0,0,0,,0,201,,1,,,,,,1022/1,509-48K40VYGL147584
2510,510,1022,99V09Y,YGL147585,31.05.2022,Кр-57,Round Brilliant,0,0,,,0.02,1,6,6,Б,,-,,1.6,0,0,0,0,0,0,,0,201,,1,,,,,,1022/1,510-99V09YYGL147585
2511,511,1022,77C52X,YGL147586,31.05.2022,Кр-57,Round Brilliant,0,0,,,0.01,1,6,6,Б,,-,,1.6,0,0,0,0,0,0,,0,201,,1,,,,,,1022/1,511-77C52XYGL147586
2512,512,1022,97W07M,YGL147587,31.05.2022,Кр-57,Round Brilliant,0,0,,,0.01,1,6,6,Б,,-,,1.6,0,0,0,0,0,0,,0,201,,1,,,,,,1022/1,512-97W07MYGL147587
2513,513,1022,97F75A,YGL147588,31.05.2022,Кр-57,Round Brilliant,0,0,,,0.01,1,6,6,Б,,-,,1.6,0,0,0,0,0,0,,0,201,,1,,,,,,1022/1,513-97F75AYGL147588
2514,514,1022,47J95H,YGL147589,31.05.2022,Кр-57,Round Brilliant,0,0,,,0.01,1,6,6,Б,,-,,1.6,0,0,0,0,0,0,,0,201,,1,,,,,,1022/1,514-47J95HYGL147589
2515,515,1022,86X71A,YGL147590,31.05.2022,Кр-57,Round Brilliant,0,0,,,0.01,1,6,6,Б,,-,,1.6,0,0,0,0,0,0,,0,201,,1,,,,,,1022/1,515-86X71AYGL147590
2516,516,1022,28T96H,YGL147591,31.05.2022,Кр-57,Round Brilliant,0,0,,,0.01,1,6,6,Б,,-,,1.6,0,0,0,0,0,0,,0,201,,1,,,,,,1022/1,516-28T96HYGL147591
2517,517,1022,96R91M,YGL147592,31.05.2022,Кр-57,Round Brilliant,0,0,,,0.02,1,6,6,Б,,-,,1.65,0,0,0,0,0,0,,0,201,,1,,,,,,1022/1,517-96R91MYGL147592
2518,518,1022,36S46L,YGL147593,31.05.2022,Кр-57,Round Brilliant,0,0,,,0.02,1,6,6,Б,,-,,1.65,0,0,0,0,0,0,,0,201,,1,,,,,,1022/1,518-36S46LYGL147593
2519,519,1022,79Q63G,YGL147594,31.05.2022,Кр-57,Round Brilliant,0,0,,,0.01,1,6,6,Б,,-,,1.65,0,0,0,0,0,0,,0,201,,1,,,,,,1022/1,519-79Q63GYGL147594
2520,520,1022,03C43L,YGL147595,31.05.2022,Кр-57,Round Brilliant,0,0,,,0.01,1,6,6,Б,,-,,1.65,0,0,0,0,0,0,,0,201,,1,,,,,,1022/1,520-03C43LYGL147595
2521,521,1022,08F18I,YGL147596,31.05.2022,Кр-57,Round Brilliant,0,0,,,0.02,1,6,6,Б,,-,,1.65,0,0,0,0,0,0,,0,201,,1,,,,,,1022/1,521-08F18IYGL147596
2522,522,1022,07X05W,YGL147597,31.05.2022,Кр-57,Round Brilliant,0,0,,,0.01,1,6,6,Б,,-,,1.65,0,0,0,0,0,0,,0,201,,1,,,,,,1022/1,522-07X05WYGL147597
2523,523,1022,35L56Y,YGL147598,31.05.2022,Кр-57,Round Brilliant,0,0,,,0.01,1,6,6,Б,,-,,1.7,0,0,0,0,0,0,,0,201,,1,,,,,,1022/1,523-35L56YYGL147598
2524,524,1022,05V02N,YGL147599,31.05.2022,Кр-57,Round Brilliant,0,0,,,0.01,1,6,6,Б,,-,,1.7,0,0,0,0,0,0,,0,201,,1,,,,,,1022/1,524-05V02NYGL147599
2525,525,1022,67L76J,YGL147600,31.05.2022,Кр-57,Round Brilliant,0,0,,,0.02,1,6,6,Б,,-,,1.7,0,0,0,0,0,0,,0,201,,1,,,,,,1022/1,525-67L76JYGL147600
2526,526,1022,46R24U,YGL147601,31.05.2022,Кр-57,Round Brilliant,0,0,,,0.02,1,6,6,Б,,-,,1.7,0,0,0,0,0,0,,0,201,,1,,,,,,1022/1,526-46R24UYGL147601
2527,527,1022,81K34Y,YGL147602,31.05.2022,Кр-57,Round Brilliant,0,0,,,0.02,1,6,6,Б,,-,,1.7,0,0,0,0,0,0,,0,201,,1,,,,,,1022/1,527-81K34YYGL147602
2528,528,1022,27H42P,YGL147603,31.05.2022,Кр-57,Round Brilliant,0,0,,,0.01,1,6,6,В,,-,,1.25,0,0,0,0,0,0,,0,201,,1,,,,,,1022/1,528-27H42PYGL147603
2529,529,1022,10Y19T,YGL147604,31.05.2022,Кр-57,Round Brilliant,0,0,,,0.008,1,6,6,В,,-,,1.25,0,0,0,0,0,0,,0,202,,1,,,,,,1022/1,529-10Y19TYGL147604
2530,530,1022,58T05N,YGL147605,31.05.2022,Кр-57,Round Brilliant,0,0,,,0.01,1,6,6,В,,-,,1.3,0,0,0,0,0,0,,0,201,,1,,,,,,1022/1,530-58T05NYGL147605
2531,531,1022,58E76D,YGL147606,31.05.2022,Кр-57,Round Brilliant,0,0,,,0.01,1,6,6,В,,-,,1.4,0,0,0,0,0,0,,0,201,,1,,,,,,1022/1,531-58E76DYGL147606
2532,532,1022,59Q59T,YGL147607,31.05.2022,Кр-57,Round Brilliant,0,0,,,0.01,1,6,6,В,,-,,1.4,0,0,0,0,0,0,,0,201,,1,,,,,,1022/1,532-59Q59TYGL147607
2533,533,1022,01J39N,YGL147608,31.05.2022,Кр-57,Round Brilliant,0,0,,,0.01,1,6,6,В,,-,,1.4,0,0,0,0,0,0,,0,201,,1,,,,,,1022/1,533-01J39NYGL147608
2534,534,1022,84Q41D,YGL147609,31.05.2022,Кр-57,Round Brilliant,0,0,,,0.01,1,6,6,В,,-,,1.4,0,0,0,0,0,0,,0,201,,1,,,,,,1022/1,534-84Q41DYGL147609
2535,535,1022,73L20Y,YGL147610,31.05.2022,Кр-57,Round Brilliant,0,0,,,0.02,1,6,6,В,,-,,1.55,0,0,0,0,0,0,,0,201,,1,,,,,,1022/1,535-73L20YYGL147610
2536,536,1022,96M08L,YGL147611,31.05.2022,Кр-57,Round Brilliant,0,0,,,0.02,1,6,6,В,,-,,1.55,0,0,0,0,0,0,,0,201,,1,,,,,,1022/1,536-96M08LYGL147611
2537,537,1022,22G62A,YGL147612,31.05.2022,Кр-57,Round Brilliant,0,0,,,0.01,1,6,6,В,,-,,1.6,0,0,0,0,0,0,,0,201,,1,,,,,,1022/1,537-22G62AYGL147612
2538,538,1022,84Y36W,YGL147613,31.05.2022,Кр-57,Round Brilliant,0,0,,,0.02,1,6,6,В,,-,,1.6,0,0,0,0,0,0,,0,201,,1,,,,,,1022/1,538-84Y36WYGL147613
2539,539,1022,20K65Y,YGL147614,31.05.2022,Кр-57,Round Brilliant,0,0,,,0.01,1,6,6,В,,-,,1.65,0,0,0,0,0,0,,0,201,,1,,,,,,1022/1,539-20K65YYGL147614
2540,540,1022,36I93C,YGL147615,31.05.2022,Кр-57,Round Brilliant,0,0,,,0.02,1,6,6,В,,-,,1.7,0,0,0,0,0,0,,0,201,,1,,,,,,1022/1,540-36I93CYGL147615
2541,541,1022,03H15I,YGL147616,31.05.2022,Кр-57,Round Brilliant,0,0,,,0.02,1,6,6,В,,-,,1.7,0,0,0,0,0,0,,0,201,,1,,,,,,1022/1,541-03H15IYGL147616
2542,542,1022,62X32U,YGL147617,31.05.2022,Кр-57,Round Brilliant,0,0,,,0.008,1,6,7,Б,,-,,1.2,0,0,0,0,0,0,,0,202,,1,,,,,,1022/1,542-62X32UYGL147617
2543,543,1022,57F97J,YGL147618,31.05.2022,Кр-57,Round Brilliant,0,0,,,0.01,1,6,7,Б,,-,,1.3,0,0,0,0,0,0,,0,201,,1,,,,,,1022/1,543-57F97JYGL147618
2544,544,1022,73B21P,YGL147619,31.05.2022,Кр-57,Round Brilliant,0,0,,,0.01,1,6,7,Б,,-,,1.3,0,0,0,0,0,0,,0,201,,1,,,,,,1022/1,544-73B21PYGL147619
2545,545,1022,14A75B,YGL147620,31.05.2022,Кр-57,Round Brilliant,0,0,,,0.01,1,6,7,Б,,-,,1.3,0,0,0,0,0,0,,0,201,,1,,,,,,1022/1,545-14A75BYGL147620
2546,546,1022,20X92A,YGL147621,31.05.2022,Кр-57,Round Brilliant,0,0,,,0.009,1,6,7,Б,,-,,1.3,0,0,0,0,0,0,,0,202,,1,,,,,,1022/1,546-20X92AYGL147621
2547,547,1022,50P51H,YGL147622,31.05.2022,Кр-57,Round Brilliant,0,0,,,0.01,1,6,7,Б,,-,,1.3,0,0,0,0,0,0,,0,201,,1,,,,,,1022/1,547-50P51HYGL147622
2548,548,1022,05J92T,YGL147623,31.05.2022,Кр-57,Round Brilliant,0,0,,,0.009,1,6,7,Б,,-,,1.3,0,0,0,0,0,0,,0,202,,1,,,,,,1022/1,548-05J92TYGL147623
2549,549,1022,79F72J,YGL147624,31.05.2022,Кр-57,Round Brilliant,0,0,,,0.01,1,6,7,Б,,-,,1.35,0,0,0,0,0,0,,0,201,,1,,,,,,1022/1,549-79F72JYGL147624
2550,550,1022,19A59K,YGL147625,31.05.2022,Кр-57,Round Brilliant,0,0,,,0.01,1,6,7,Б,,-,,1.35,0,0,0,0,0,0,,0,201,,1,,,,,,1022/1,550-19A59KYGL147625
2551,551,1022,27I63O,YGL147626,31.05.2022,Кр-57,Round Brilliant,0,0,,,0.01,1,6,7,Б,,-,,1.35,0,0,0,0,0,0,,0,2,,1,,,,,,1022,551-27I63OYGL147626
2552,552,1022,43L29Y,YGL147627,31.05.2022,Кр-57,Round Brilliant,0,0,,,0.01,1,6,7,Б,,-,,1.35,0,0,0,0,0,0,,0,2,,1,,,,,,1022,552-43L29YYGL147627
2553,553,1022,27L86A,YGL147628,31.05.2022,Кр-57,Round Brilliant,0,0,,,0.01,1,6,7,Б,,-,,1.35,0,0,0,0,0,0,,0,2,,1,,,,,,1022,553-27L86AYGL147628
2554,554,1022,05H08C,YGL147629,31.05.2022,Кр-57,Round Brilliant,0,0,,,0.01,1,6,7,Б,,-,,1.4,0,0,0,0,0,0,,0,2,,1,,,,,,1022,554-05H08CYGL147629
2555,555,1022,88Q14B,YGL147630,31.05.2022,Кр-57,Round Brilliant,0,0,,,0.01,1,6,7,Б,,-,,1.4,0,0,0,0,0,0,,0,2,,1,,,,,,1022,555-88Q14BYGL147630
2556,556,1022,76K48J,YGL147631,31.05.2022,Кр-57,Round Brilliant,0,0,,,0.01,1,6,7,Б,,-,,1.4,0,0,0,0,0,0,,0,2,,1,,,,,,1022,556-76K48JYGL147631
2557,557,1022,49O21K,YGL147632,31.05.2022,Кр-57,Round Brilliant,0,0,,,0.01,1,6,7,Б,,-,,1.4,0,0,0,0,0,0,,0,2,,1,,,,,,1022,557-49O21KYGL147632
2558,558,1022,80P50V,YGL147633,31.05.2022,Кр-57,Round Brilliant,0,0,,,0.01,1,6,7,Б,,-,,1.4,0,0,0,0,0,0,,0,2,,1,,,,,,1022,558-80P50VYGL147633
2559,559,1022,31S69E,YGL147634,31.05.2022,Кр-57,Round Brilliant,0,0,,,0.01,1,6,7,Б,,-,,1.4,0,0,0,0,0,0,,0,2,,1,,,,,,1022,559-31S69EYGL147634
2560,560,1022,14O77S,YGL147635,31.05.2022,Кр-57,Round Brilliant,0,0,,,0.01,1,6,7,Б,,-,,1.4,0,0,0,0,0,0,,0,2,,1,,,,,,1022,560-14O77SYGL147635
2561,561,1022,88C68K,YGL147636,31.05.2022,Кр-57,Round Brilliant,0,0,,,0.01,1,6,7,Б,,-,,1.45,0,0,0,0,0,0,,0,2,,1,,,,,,1022,561-88C68KYGL147636
2562,562,1022,87W82Q,YGL147637,31.05.2022,Кр-57,Round Brilliant,0,0,,,0.01,1,6,7,Б,,-,,1.45,0,0,0,0,0,0,,0,2,,1,,,,,,1022,562-87W82QYGL147637
2563,563,1022,57L37N,YGL147638,31.05.2022,Кр-57,Round Brilliant,0,0,,,0.01,1,6,7,Б,,-,,1.5,0,0,0,0,0,0,,0,2,,1,,,,,,1022,563-57L37NYGL147638
2564,564,1022,54J75R,YGL147639,31.05.2022,Кр-57,Round Brilliant,0,0,,,0.01,1,6,7,Б,,-,,1.5,0,0,0,0,0,0,,0,2,,1,,,,,,1022,564-54J75RYGL147639
2565,565,1022,93V85P,YGL147640,31.05.2022,Кр-57,Round Brilliant,0,0,,,0.01,1,6,7,Б,,-,,1.5,0,0,0,0,0,0,,0,2,,1,,,,,,1022,565-93V85PYGL147640
2566,566,1022,53S66E,YGL147641,31.05.2022,Кр-57,Round Brilliant,0,0,,,0.01,1,6,7,Б,,-,,1.5,0,0,0,0,0,0,,0,2,,1,,,,,,1022,566-53S66EYGL147641
2567,567,1022,68O39D,YGL147642,31.05.2022,Кр-57,Round Brilliant,0,0,,,0.01,1,6,7,Б,,-,,1.5,0,0,0,0,0,0,,0,2,,1,,,,,,1022,567-68O39DYGL147642
2568,568,1022,15L68I,YGL147643,31.05.2022,Кр-57,Round Brilliant,0,0,,,0.01,1,6,7,Б,,-,,1.5,0,0,0,0,0,0,,0,2,,1,,,,,,1022,568-15L68IYGL147643
2569,569,1022,93O75X,YGL147644,31.05.2022,Кр-57,Round Brilliant,0,0,,,0.01,1,6,7,Б,,-,,1.5,0,0,0,0,0,0,,0,2,,1,,,,,,1022,569-93O75XYGL147644
2570,570,1022,62V16J,YGL147645,31.05.2022,Кр-57,Round Brilliant,0,0,,,0.01,1,6,7,Б,,-,,1.55,0,0,0,0,0,0,,0,2,,1,,,,,,1022,570-62V16JYGL147645
2571,571,1022,45J34F,YGL147646,31.05.2022,Кр-57,Round Brilliant,0,0,,,0.01,1,6,7,Б,,-,,1.55,0,0,0,0,0,0,,0,2,,1,,,,,,1022,571-45J34FYGL147646
2572,572,1022,04M11S,YGL147647,31.05.2022,Кр-57,Round Brilliant,0,0,,,0.01,1,6,7,Б,,-,,1.55,0,0,0,0,0,0,,0,2,,1,,,,,,1022,572-04M11SYGL147647
2573,573,1022,05A19E,YGL147648,31.05.2022,Кр-57,Round Brilliant,0,0,,,0.01,1,6,7,Б,,-,,1.6,0,0,0,0,0,0,,0,2,,1,,,,,,1022,573-05A19EYGL147648
2574,574,1022,35Q97T,YGL147649,31.05.2022,Кр-57,Round Brilliant,0,0,,,0.01,1,6,7,Б,,-,,1.6,0,0,0,0,0,0,,0,2,,1,,,,,,1022,574-35Q97TYGL147649
2575,575,1022,80F70N,YGL147650,31.05.2022,Кр-57,Round Brilliant,0,0,,,0.02,1,6,7,Б,,-,,1.6,0,0,0,0,0,0,,0,2,,1,,,,,,1022,575-80F70NYGL147650
2576,576,1022,19K82K,YGL147651,31.05.2022,Кр-57,Round Brilliant,0,0,,,0.01,1,6,7,Б,,-,,1.6,0,0,0,0,0,0,,0,2,,1,,,,,,1022,576-19K82KYGL147651
2577,577,1022,34W44M,YGL147652,31.05.2022,Кр-57,Round Brilliant,0,0,,,0.01,1,6,7,Б,,-,,1.6,0,0,0,0,0,0,,0,2,,1,,,,,,1022,577-34W44MYGL147652
2578,578,1022,63O83F,YGL147653,31.05.2022,Кр-57,Round Brilliant,0,0,,,0.01,1,6,7,Б,,-,,1.6,0,0,0,0,0,0,,0,2,,1,,,,,,1022,578-63O83FYGL147653
2579,579,1022,78W53X,YGL147654,31.05.2022,Кр-57,Round Brilliant,0,0,,,0.02,1,6,7,Б,,-,,1.65,0,0,0,0,0,0,,0,2,,1,,,,,,1022,579-78W53XYGL147654
2580,580,1022,75D43U,YGL147655,31.05.2022,Кр-57,Round Brilliant,0,0,,,0.02,1,6,7,Б,,-,,1.65,0,0,0,0,0,0,,0,2,,1,,,,,,1022,580-75D43UYGL147655
2581,581,1022,82C61U,YGL147656,31.05.2022,Кр-57,Round Brilliant,0,0,,,0.02,1,6,7,Б,,-,,1.65,0,0,0,0,0,0,,0,2,,1,,,,,,1022,581-82C61UYGL147656
2582,582,1022,30U99G,YGL147657,31.05.2022,Кр-57,Round Brilliant,0,0,,,0.01,1,6,7,Б,,-,,1.65,0,0,0,0,0,0,,0,2,,1,,,,,,1022,582-30U99GYGL147657
2583,583,1022,22I79U,YGL147658,31.05.2022,Кр-57,Round Brilliant,0,0,,,0.02,1,6,7,Б,,-,,1.65,0,0,0,0,0,0,,0,2,,1,,,,,,1022,583-22I79UYGL147658
2584,584,1022,90Y78W,YGL147659,31.05.2022,Кр-57,Round Brilliant,0,0,,,0.02,1,6,7,Б,,-,,1.65,0,0,0,0,0,0,,0,2,,1,,,,,,1022,584-90Y78WYGL147659
2585,585,1022,22G03I,YGL147660,31.05.2022,Кр-57,Round Brilliant,0,0,,,0.02,1,6,7,Б,,-,,1.75,0,0,0,0,0,0,,0,2,,1,,,,,,1022,585-22G03IYGL147660
2586,586,1022,19Q99M,YGL147661,31.05.2022,Кр-57,Round Brilliant,0,0,,,0.007,1,7,6,Б,,-,,1.2,0,0,0,0,0,0,,0,3,,1,,,,,,1022,586-19Q99MYGL147661
2587,587,1022,77V63Q,YGL147662,31.05.2022,Кр-57,Round Brilliant,0,0,,,0.006,1,7,6,Б,,-,,1.2,0,0,0,0,0,0,,0,3,,1,,,,,,1022,587-77V63QYGL147662
2588,588,1022,88B53M,YGL147663,31.05.2022,Кр-57,Round Brilliant,0,0,,,0.005,1,7,6,Б,,-,,1.2,0,0,0,0,0,0,,0,3,,1,,,,,,1022,588-88B53MYGL147663
2589,589,1022,62J43F,YGL147664,31.05.2022,Кр-57,Round Brilliant,0,0,,,0.01,1,7,6,Б,,-,,1.3,0,0,0,0,0,0,,0,2,,1,,,,,,1022,589-62J43FYGL147664
2590,590,1022,10A59K,YGL147665,31.05.2022,Кр-57,Round Brilliant,0,0,,,0.01,1,7,6,Б,,-,,1.3,0,0,0,0,0,0,,0,2,,1,,,,,,1022,590-10A59KYGL147665
2591,591,1022,30U69N,YGL147666,31.05.2022,Кр-57,Round Brilliant,0,0,,,0.01,1,7,6,Б,,-,,1.3,0,0,0,0,0,0,,0,2,,1,,,,,,1022,591-30U69NYGL147666
2592,592,1022,65X88X,YGL147667,31.05.2022,Кр-57,Round Brilliant,0,0,,,0.01,1,7,6,Б,,-,,1.3,0,0,0,0,0,0,,0,2,,1,,,,,,1022,592-65X88XYGL147667
2593,593,1022,32E25W,YGL147668,31.05.2022,Кр-57,Round Brilliant,0,0,,,0.01,1,7,6,Б,,-,,1.4,0,0,0,0,0,0,,0,2,,1,,,,,,1022,593-32E25WYGL147668
2594,594,1022,70Y93Q,YGL147669,31.05.2022,Кр-57,Round Brilliant,0,0,,,0.01,1,7,6,Б,,-,,1.6,0,0,0,0,0,0,,0,2,,1,,,,,,1022,594-70Y93QYGL147669
2595,595,1022,86E58P,YGL147670,31.05.2022,Кр-57,Round Brilliant,0,0,,,0.01,1,7,6,Б,,-,,1.6,0,0,0,0,0,0,,0,2,,1,,,,,,1022,595-86E58PYGL147670
2596,596,1022,36D75N,YGL147671,31.05.2022,Кр-57,Round Brilliant,0,0,,,0.01,1,7,6,Б,,-,,1.6,0,0,0,0,0,0,,0,2,,1,,,,,,1022,596-36D75NYGL147671
2597,597,1022,17N87O,YGL147672,31.05.2022,Кр-57,Round Brilliant,0,0,,,0.02,1,7,6,Б,,-,,1.7,0,0,0,0,0,0,,0,2,,1,,,,,,1022,597-17N87OYGL147672
2598,598,1022,63F56L,YGL147673,31.05.2022,Кр-57,Round Brilliant,0,0,,,0.01,1,7,6,Б,,-,,1.7,0,0,0,0,0,0,,0,2,,1,,,,,,1022,598-63F56LYGL147673
2599,599,1022,73V03Q,YGL147674,31.05.2022,Кр-57,Round Brilliant,0,0,,,0.009,1,4,6,Б,,-,,1.3,0,0,0,0,0,0,,0,3,,1,,,,,,1022,599-73V03QYGL147674
2600,600,1022,45K19Y,YGL147675,31.05.2022,Кр-57,Round Brilliant,0,0,,,0.01,1,4,6,Б,,-,,1.4,0,0,0,0,0,0,,0,2,,1,,,,,,1022,600-45K19YYGL147675
2601,601,1022,33H65V,YGL147676,31.05.2022,Кр-57,Round Brilliant,0,0,,,0.01,1,4,6,Б,,-,,1.5,0,0,0,0,0,0,,0,2,,1,,,,,,1022,601-33H65VYGL147676
2602,602,1022,50P44J,YGL147677,31.05.2022,Кр-57,Round Brilliant,0,0,,,0.01,1,4,6,Б,,-,,1.6,0,0,0,0,0,0,,0,2,,1,,,,,,1022,602-50P44JYGL147677
2603,603,1022,00G43J,YGL147678,31.05.2022,Кр-57,Round Brilliant,0,0,,,0.02,1,4,6,Б,,-,,1.7,0,0,0,0,0,0,,0,2,,1,,,,,,1022,603-00G43JYGL147678
2604,604,1022,95O37Y,YGL147679,31.05.2022,Кр-57,Round Brilliant,0,0,,,0.02,1,4,6,Б,,-,,1.7,0,0,0,0,0,0,,0,2,,1,,,,,,1022,604-95O37YYGL147679
2605,605,1022,21J29D,YGL147680,31.05.2022,Кр-57,Round Brilliant,0,0,,,0.02,1,4,6,Б,,-,,1.7,0,0,0,0,0,0,,0,2,,1,,,,,,1022,605-21J29DYGL147680
2606,606,1022,78R43Q,YGL147681,31.05.2022,Кр-57,Round Brilliant,0,0,,,0.02,1,4,6,Б,,-,,1.7,0,0,0,0,0,0,,0,2,,1,,,,,,1022,606-78R43QYGL147681
2607,607,1022,45U77G,YGL147682,31.05.2022,Кр-57,Round Brilliant,0,0,,,0.02,1,4,6,Б,,-,,1.7,0,0,0,0,0,0,,0,2,,1,,,,,,1022,607-45U77GYGL147682
2608,608,1022,02R58Q,YGL147683,31.05.2022,Кр-57,Round Brilliant,0,0,,,0.01,1,4,6,Б,,-,,1.7,0,0,0,0,0,0,,0,2,,1,,,,,,1022,608-02R58QYGL147683
2609,609,1022,04P68E,YGL147684,31.05.2022,Кр-57,Round Brilliant,0,0,,,0.02,1,4,6,Б,,-,,1.7,0,0,0,0,0,0,,0,2,,1,,,,,,1022,609-04P68EYGL147684
2610,610,1022,43A28R,YGL147685,31.05.2022,Кр-57,Round Brilliant,0,0,,,0.02,1,4,6,Б,,-,,1.7,0,0,0,0,0,0,,0,2,,1,,,,,,1022,610-43A28RYGL147685
2611,611,1022,28N64R,YGL147686,31.05.2022,Кр-57,Round Brilliant,0,0,,,0.02,1,4,6,Б,,-,,1.7,0,0,0,0,0,0,,0,2,,1,,,,,,1022,611-28N64RYGL147686
2612,612,1022,15U26D,YGL147687,31.05.2022,Кр-57,Round Brilliant,0,0,,,0.02,1,4,6,Б,,-,,1.7,0,0,0,0,0,0,,0,2,,1,,,,,,1022,612-15U26DYGL147687
2613,613,1022,00A36M,YGL147688,31.05.2022,Кр-57,Round Brilliant,0,0,,,0.02,1,4,6,Б,,-,,1.7,0,0,0,0,0,0,,0,2,,1,,,,,,1022,613-00A36MYGL147688
2614,614,1022,66W54Q,YGL147689,31.05.2022,Кр-57,Round Brilliant,0,0,,,0.02,1,4,6,Б,,-,,1.7,0,0,0,0,0,0,,0,2,,1,,,,,,1022,614-66W54QYGL147689
2615,615,1022,59J60S,YGL147690,31.05.2022,Кр-57,Round Brilliant,0,0,,,0.02,1,4,6,Б,,-,,1.7,0,0,0,0,0,0,,0,2,,1,,,,,,1022,615-59J60SYGL147690
2616,616,1022,30I56X,YGL147691,31.05.2022,Кр-57,Round Brilliant,0,0,,,0.02,1,4,6,Б,,-,,1.7,0,0,0,0,0,0,,0,2,,1,,,,,,1022,616-30I56XYGL147691
2617,617,1022,98I45B,YGL147692,31.05.2022,Кр-57,Round Brilliant,0,0,,,0.01,1,4,6,Б,,-,,1.7,0,0,0,0,0,0,,0,2,,1,,,,,,1022,617-98I45BYGL147692
2618,618,1022,18S68U,YGL147693,31.05.2022,Кр-57,Round Brilliant,0,0,,,0.02,1,4,6,Б,,-,,1.7,0,0,0,0,0,0,,0,2,,1,,,,,,1022,618-18S68UYGL147693
2619,619,1022,80U92N,YGL147694,31.05.2022,Кр-57,Round Brilliant,0,0,,,0.02,1,4,6,Б,,-,,1.7,0,0,0,0,0,0,,0,2,,1,,,,,,1022,619-80U92NYGL147694
2620,620,1022,96N14N,YGL147695,31.05.2022,Кр-57,Round Brilliant,0,0,,,0.02,1,4,6,Б,,-,,1.7,0,0,0,0,0,0,,0,2,,1,,,,,,1022,620-96N14NYGL147695
2621,621,1022,83S10M,YGL147696,31.05.2022,Кр-57,Round Brilliant,0,0,,,0.01,1,6,8,Б,,-,,1.4,0,0,0,0,0,0,,0,2,,1,,,,,,1022,621-83S10MYGL147696
2622,622,1022,02P86H,YGL147697,31.05.2022,Кр-57,Round Brilliant,0,0,,,0.01,1,7,6,А,,-,,1.6,0,0,0,0,0,0,,0,2,,1,,,,,,1022,622-02P86HYGL147697
2623,623,1022,53J23T,YGL147698,31.05.2022,Кр-57,Round Brilliant,0,0,,,0.01,1,7,6,А,,-,,1.65,0,0,0,0,0,0,,0,2,,1,,,,,,1022,623-53J23TYGL147698
2624,624,1022,37D54X,YGL147699,31.05.2022,Кр-57,Round Brilliant,0,0,,,0.01,1,7,7,Б,,-,,1.3,0,0,0,0,0,0,,0,2,,1,,,,,,1022,624-37D54XYGL147699
2625,625,1022,31Y67X,YGL147700,31.05.2022,Кр-57,Round Brilliant,0,0,,,0.01,1,7,7,Б,,-,,1.35,0,0,0,0,0,0,,0,2,,1,,,,,,1022,625-31Y67XYGL147700
2626,626,1022,94R95G,YGL147701,31.05.2022,Кр-57,Round Brilliant,0,0,,,0.01,1,7,7,Б,,-,,1.5,0,0,0,0,0,0,,0,2,,1,,,,,,1022,626-94R95GYGL147701
2627,627,1022,30D18F,YGL147702,31.05.2022,Кр-57,Round Brilliant,0,0,,,0.006,1,4,7,Б,,-,,1.2,0,0,0,0,0,0,,0,3,,1,,,,,,1022,627-30D18FYGL147702
2628,628,1022,71R46A,YGL147703,31.05.2022,Кр-57,Round Brilliant,0,0,,,0.007,1,4,7,Б,,-,,1.2,0,0,0,0,0,0,,0,3,,1,,,,,,1022,628-71R46AYGL147703
2629,629,1022,32D94F,YGL147704,31.05.2022,Кр-57,Round Brilliant,0,0,,,0.008,1,4,7,Б,,-,,1.2,0,0,0,0,0,0,,0,3,,1,,,,,,1022,629-32D94FYGL147704
2630,630,1022,63V00R,YGL147705,31.05.2022,Кр-57,Round Brilliant,0,0,,,0.007,1,4,7,Б,,-,,1.2,0,0,0,0,0,0,,0,3,,1,,,,,,1022,630-63V00RYGL147705
2631,631,1022,06B90F,YGL147706,31.05.2022,Кр-57,Round Brilliant,0,0,,,0.008,1,4,7,Б,,-,,1.2,0,0,0,0,0,0,,0,3,,1,,,,,,1022,631-06B90FYGL147706
2632,632,1022,42E49D,YGL147707,31.05.2022,Кр-57,Round Brilliant,0,0,,,0.009,1,4,7,Б,,-,,1.25,0,0,0,0,0,0,,0,3,,1,,,,,,1022,632-42E49DYGL147707
2633,633,1022,19E19N,YGL147708,31.05.2022,Кр-57,Round Brilliant,0,0,,,0.009,1,4,7,Б,,-,,1.25,0,0,0,0,0,0,,0,3,,1,,,,,,1022,633-19E19NYGL147708
2634,634,1022,06A78R,YGL147709,31.05.2022,Кр-57,Round Brilliant,0,0,,,0.01,1,4,7,Б,,-,,1.3,0,0,0,0,0,0,,0,2,,1,,,,,,1022,634-06A78RYGL147709
2635,635,1022,63T59F,YGL147710,31.05.2022,Кр-57,Round Brilliant,0,0,,,0.01,1,4,7,Б,,-,,1.3,0,0,0,0,0,0,,0,2,,1,,,,,,1022,635-63T59FYGL147710
2636,636,1022,78K48O,YGL147711,31.05.2022,Кр-57,Round Brilliant,0,0,,,0.01,1,4,7,В,,-,,1.2,0,0,0,0,0,0,,0,2,,1,,,,,,1022,636-78K48OYGL147711
2637,637,1022,30D23X,YGL147712,31.05.2022,Кр-57,Round Brilliant,0,0,,,0.01,1,4,7,В,,-,,1.3,0,0,0,0,0,0,,0,2,,1,,,,,,1022,637-30D23XYGL147712
2638,638,1022,57U76E,YGL147713,31.05.2022,Кр-57,Round Brilliant,0,0,,,0.01,1,4,7,В,,-,,1.4,0,0,0,0,0,0,,0,2,,1,,,,,,1022,638-57U76EYGL147713
2639,639,1022,19T67F,YGL147714,31.05.2022,Кр-57,Round Brilliant,0,0,,,0.01,1,4,7,В,,-,,1.45,0,0,0,0,0,0,,0,2,,1,,,,,,1022,639-19T67FYGL147714
2640,640,1022,19R27D,YGL147715,31.05.2022,Кр-57,Round Brilliant,0,0,,,0.02,1,4,7,В,,-,,1.6,0,0,0,0,0,0,,0,2,,1,,,,,,1022,640-19R27DYGL147715
2641,641,1022,23X06T,YGL147716,31.05.2022,Кр-57,Round Brilliant,0,0,,,0.02,1,4,7,В,,-,,1.65,0,0,0,0,0,0,,0,2,,1,,,,,,1022,641-23X06TYGL147716
2642,642,1022,58A02D,YGL147717,31.05.2022,Кр-57,Round Brilliant,0,0,,,0.01,1,5,6,В,,-,,1.6,0,0,0,0,0,0,,0,2,,1,,,,,,1022,642-58A02DYGL147717
2643,643,1022,78F42I,YGL147718,31.05.2022,Кр-57,Round Brilliant,0,0,,,0.01,1,6,6,А,,-,,1.35,0,0,0,0,0,0,,0,2,,1,,,,,,1022,643-78F42IYGL147718
2644,644,1022,83E99M,YGL147719,31.05.2022,Кр-57,Round Brilliant,0,0,,,0.01,1,6,6,А,,-,,1.6,0,0,0,0,0,0,,0,2,,1,,,,,,1022,644-83E99MYGL147719
2645,645,1022,03S64G,YGL147720,31.05.2022,Кр-57,Round Brilliant,0,0,,,0.02,1,6,6,А,,-,,1.7,0,0,0,0,0,0,,0,2,,1,,,,,,1022,645-03S64GYGL147720
2646,646,1022,96A11J,YGL147721,31.05.2022,Кр-57,Round Brilliant,0,0,,,0.02,1,6,6,А,,-,,1.7,0,0,0,0,0,0,,0,2,,1,,,,,,1022,646-96A11JYGL147721
2647,647,1022,88E23E,YGL147722,31.05.2022,Кр-57,Round Brilliant,0,0,,,0.01,1,6,6,А,,-,,1.65,0,0,0,0,0,0,,0,2,,1,,,,,,1022,647-88E23EYGL147722
2648,648,1022,41I40V,YGL147723,31.05.2022,Кр-57,Round Brilliant,0,0,,,0.01,1,6,6,А,,-,,1.65,0,0,0,0,0,0,,0,2,,1,,,,,,1022,648-41I40VYGL147723
2649,649,1022,95L60V,YGL147724,31.05.2022,Кр-57,Round Brilliant,0,0,,,0.02,1,6,6,А,,-,,1.75,0,0,0,0,0,0,,0,2,,1,,,,,,1022,649-95L60VYGL147724
2650,650,1022,68I81V,YGL147725,31.05.2022,Кр-57,Round Brilliant,0,0,,,0.02,1,6,6,А,,-,,1.7,0,0,0,0,0,0,,0,2,,1,,,,,,1022,650-68I81VYGL147725
2651,651,1022,95H56M,YGL147726,31.05.2022,Кр-57,Round Brilliant,0,0,,,0.005,1,6,6,В,,-,,1.1,0,0,0,0,0,0,,0,3,,1,,,,,,1022,651-95H56MYGL147726
2652,652,1022,09Q90J,YGL147727,31.05.2022,Кр-57,Round Brilliant,0,0,,,0.006,1,6,6,В,,-,,1.15,0,0,0,0,0,0,,0,3,,1,,,,,,1022,652-09Q90JYGL147727
2653,653,1022,81H10Y,YGL147728,31.05.2022,Кр-57,Round Brilliant,0,0,,,0.005,1,6,6,В,,-,,1.2,0,0,0,0,0,0,,0,3,,1,,,,,,1022,653-81H10YYGL147728
2654,654,1022,35E20E,YGL147729,31.05.2022,Кр-57,Round Brilliant,0,0,,,0.004,1,6,7,В,,-,,1.1,0,0,0,0,0,0,,0,3,,1,,,,,,1022,654-35E20EYGL147729
2655,655,1022,69E19Q,YGL147730,31.05.2022,Кр-57,Round Brilliant,0,0,,,0.004,1,6,7,В,,-,,1.15,0,0,0,0,0,0,,0,3,,1,,,,,,1022,655-69E19QYGL147730
2656,656,1022,26W41N,YGL147731,31.05.2022,Кр-57,Round Brilliant,0,0,,,0.005,1,7,6,В,,-,,1.0,0,0,0,0,0,0,,0,3,,1,,,,,,1022,656-26W41NYGL147731
2657,657,1022,61F61H,YGL147732,31.05.2022,Кр-57,Round Brilliant,0,0,,,0.005,1,7,6,В,,-,,1.1,0,0,0,0,0,0,,0,3,,1,,,,,,1022,657-61F61HYGL147732
2658,658,1022,27V66G,YGL147733,31.05.2022,Кр-57,Round Brilliant,0,0,,,0.005,1,7,6,В,,-,,1.15,0,0,0,0,0,0,,0,3,,1,,,,,,1022,658-27V66GYGL147733
2659,659,1022,78A84B,YGL147734,31.05.2022,Кр-57,Round Brilliant,0,0,,,0.01,1,6,5,Б,,-,,1.1,0,0,0,0,0,0,,0,2,,1,,,,,,1022,659-78A84BYGL147734
2660,660,1022,38T46X,YGL147735,31.05.2022,Кр-57,Round Brilliant,0,0,,,0.005,1,5,5,Б,,-,,1.1,0,0,0,0,0,0,,0,3,,1,,,,,,1022,660-38T46XYGL147735
2661,661,1022,24L03G,YGL147736,31.05.2022,Кр-57,Round Brilliant,0,0,,,0.007,1,4,7,Б,,-,,1.1,0,0,0,0,0,0,,0,3,,1,,,,,,1022,661-24L03GYGL147736
2662,662,1022,59J84P,YGL147737,31.05.2022,Кр-57,Round Brilliant,0,0,,,0.007,1,3,6,Б,,-,,1.1,0,0,0,0,0,0,,0,3,,1,,,,,,1022,662-59J84PYGL147737
2663,663,1022,22X88Q,YGL147738,31.05.2022,Кр-57,Round Brilliant,0,0,,,0.006,1,4,8,Б,,-,,1.2,0,0,0,0,0,0,,0,3,,1,,,,,,1022,663-22X88QYGL147738
2664,664,1022,94J13N,YGL147739,31.05.2022,Кр-57,Round Brilliant,0,0,,,0.005,1,6,6,Б,,-,,1.0,0,0,0,0,0,0,,0,3,,1,,,,,,1022,664-94J13NYGL147739
2665,665,1022,28X84R,YGL147740,31.05.2022,Кр-57,Round Brilliant,0,0,,,0.006,1,6,6,Б,,-,,1.15,0,0,0,0,0,0,,0,3,,1,,,,,,1022,665-28X84RYGL147740
2666,666,1022,17S05C,YGL147741,31.05.2022,Кр-57,Round Brilliant,0,0,,,0.006,1,4,5,В,,-,,1.1,0,0,0,0,0,0,,0,3,,1,,,,,,1022,666-17S05CYGL147741
2667,667,1022,12Q41M,YGL147742,31.05.2022,Кр-57,Round Brilliant,0,0,,,0.007,1,7,5,Б,,-,,1.1,0,0,0,0,0,0,,0,3,,1,,,,,,1022,667-12Q41MYGL147742
2668,668,1022,38S02G,YGL147743,31.05.2022,Кр-57,Round Brilliant,0,0,,,0.007,1,4,6,Б,,-,,1.1,0,0,0,0,0,0,,0,3,,1,,,,,,1022,668-38S02GYGL147743
